Genes	0
Igkv6-23;Igkv6-25;Igkv8-19;Igkv8-21;Igkv8-27;Igkv8-30	2194.35
Srcap	1108.9115000000002
Igkv1-122;Igkv2-137	505.50649999999996
Ncbp2as2	722.653
Gm19410	561.2605
Zfp612	2486.61
Or8k25;Or8k28;Or8k30;Or8k41	3207.0
Coq10a	5611.16
Nova2	16227.3
Kif13b	321.178
Trappc8	2970.3
D430041D05Rik	4613.41
Gm5478	8419.1
Gm56451	6959.04
Rapgef1	1381.94
Pigbos1	2712.42
Tmem178b	2041.08
H1f10	5514.64
Slc9a6	5992.47
Cul4b	5207.87
Zmynd8	856.685
Dhx8	680.087
Arfgef2	2836.84
Bptf	1057.02
Tanc2	5099.95
Fam171a2	7235.3
Gpatch8	476.756
Osbpl7	429.33
Zmym4	3821.38
Chd5	3189.21
Ptprf	2158.47
Tmem201	2047.96
Osbpl9	2091.56
Szt2	1375.42
Bltp1	1694.87
Dhx35	972.253
Ddi2	7817.37
Tmsb15b1	4635.08
Elapor1	4600.82
Map7d2	7419.43
Ryr3	454.112
Ckap5	5970.79
Ambra1	426.439
Camsap1	3291.13
Lzts3	3466.74
Ano3;Ano4	399.234
Virma	865.669
Man1b1	1369.25
Fubp3	4209.61
Ajm1	8281.47
Map7d1	17687.8
Pnisr	488.829
Fam217b	1851.41
Rap1gap	16052.6
Shroom2	8504.76
Zkscan16	3503.6
Ubr4	5587.15
Syndig1	3515.27
Plch2	5671.53
Fmnl2	3919.75
Scn1a	2961.69
Ndufaf5	11245.2
Rtf1	3393.47
Skt	6372.54
Ppig	1658.8
Ppip5k1	2677.46
Ankrd63	16753.0
Agrn	5586.6
Slc25a25	6967.23
Upf2	5422.43
Fam171a1	1189.59
Rabgap1	5771.85
Mga	1898.57
Arhgef10l	1039.7685000000001
Mocs3	3736.11
Las1l	3085.15
Arid1a	4198.58
Kalrn	6515.3
Arid4b	459.1675
Pcdh7	3545.95
Bltp3b	2596.13
Fbxl16	16650.2
Lcmt1	12504.7
Nt5c1a	2960.79
Ttc38	2700.66
Mtr	869.859
Exoc6b	4881.61
Mipep	3070.77
Armt1	4087.02
Rasgef1a	1690.31
Rabgap1l	2491.97
Ttc23l	4145.07
Ankrd50	1302.115
Dpy19l1	1123.14
Hbb-bs	176258.0
Sec14l1	1388.755
Nlgn4l	3314.37
Ptprs	9763.2
Krt36	5927.13
Chd3	3585.68
Vps13d	1247.08
Grik3	3211.59
Eif2b3	2878.16
Phactr2	2588.42
Uprt	1804.61
Pde4b	5263.23
Scn2a	19269.6
Nhsl2	1905.11
Tomm5	17904.5
Frrs1l	3957.94
Usp24	2616.4
Tmem245	2249.57
Thoc2	2553.03
Dlgap4	9259.96
Triqk	10428.335
Cad	3666.49
Phf3	2356.66
Ythdc2	3525.66
Otud4	1276.96
Gnai1	25989.8
Apba1	9604.72
Abcc8	2276.36
Ankrd34a	4731.79
Lrrc73	2580.27
Trappc11	2751.9
Polr3a	2506.565
Ppfia1	2258.97
Plxnb2	3443.58
Ogdhl	24404.3
Rbm25	6616.91
Ildr2	3881.29
Xpnpep3	3676.94
2310061I04Rik	1637.86
Ppfia4	1979.95
Clip3	2064.69
Nup205	9507.51
Pdzd8	2728.76
Osbpl8	7387.27
Cttnbp2	10190.3
Tmem229a	1605.51
Ptprz1	33975.4
Mfap1a;Mfap1b	6923.06
H2ac11;H2ac12;H2ac13;H2ac15;H2ac25;H2ac4;H2ac6;H2ac7;H2ac8;H2aj;Hist1h2af;Hist1h2an;Hist1h2ao;Hist1h2ap	526.537
Mtx3	3053.18
Btbd8	7018.24
Ccnyl1	2430.95
Akap5	31846.6
Ankrd29	2327.84
Dgki	3011.81
Dgkh	1677.23
Jakmip2	1776.45
Samd1	781.63
Safb	19154.4
Pgbd5	5361.08
Ccdc6	6008.8
Shank1	6869.21
Tmed7	15994.5
Ddx23	9128.42
Tmppe	4215.96
Hnrnph3	16362.9
Rbm24;Rbm38	1888.61
Ptrhd1	3449.69
Gsg1l	2214.58
Gls	22647.1
Dnajc13	2701.28
Kctd17	671.728
Zscan18	1708.3
Prrt2	56118.9
Fga	544.413
Prr36	2777.77
Mctp1	2118.59
Gcn1	4732.48
Golgb1	3350.57
Rasal2	4802.41
Fam184a	728.892
Col6a3	2941.0
Dip2c	8128.23
Rsf1	1000.09
Pcdh10	9170.66
Sptbn4	11634.8
Slc4a1ap	965.248
Pcdh17	4439.63
Sbf2	1047.14
Adap1	10262.8
Fam98c	2148.98
Lmo7	9102.9
Rasa1	2462.32
Setd1a	1815.35
Prr12	1213.8
Fbxl18	2803.28
Igsf9b	2528.64
Ascc3	1697.745
Scaf11	1184.57
Herc1	1627.14
Vmn2r96	10961.4
Krt78	15422.8
Tns1	1644.61
Dnah7a	22161.7
Tex264	2399.72
Irf2bp2	690.852
Wdr17	1078.6
Hectd4	5388.51
Nup153	2639.86
Pi4ka	9010.21
Cracdl	15958.5
Ryr2	8531.56
Nbas	1908.15
Arid1b	3999.11
Wdfy1	6987.17
Pde8b	3328.29
Acacb	3474.67
Trip11	2011.96
Dsp	3148.05
Nolc1	15354.3
Ythdc1	2849.38
Zfr2	2690.53
Ahnak	2894.03
Myo1e	778.714
Ccdc85c	2516.5
Plekha5	4675.19
Bod1l	3964.01
Ttc7b	7048.49
Utrn	2685.88
Usp31	1953.0
Ube4a	1886.84
Zc3h13	1791.1
Arid2	839.637
Numa1	8492.71
Chadl	2678.97
Nrxn2	4306.87
Fry	3782.15
Dennd4a	1247.67
Rap1gds1	30202.6
Kidins220	3017.33
R3hdm1	949.159
Cald1	3354.39
Btaf1	829.477
Sec16a	4697.15
Raph1	3234.31
Syngap1	37816.7
Yjefn3	1485.92
Tpr	19875.9
Lonrf2	1835.69
Tmem132b	3872.06
Morc3	1156.5
Skic3	2464.98
Pcdh9	3686.54
Agl	6294.48
Zc3h7b	1542.55
Farp1	16333.8
Usp32	1829.18
Fryl	1343.81
Srp72	3377.38
Gucy1a2	7946.08
Mcc	952.576
Myh2	4798.05
QNG1	1677.9
Dhx16	1388.84
Sec24c	8885.98
Nccrp1	1985.3975
Sipa1l3	1187.85
Arfgef1	3447.35
Pnma8b	9429.13
Kbtbd2	8821.63
Grip2	2696.88
Lrrc10b	738.823
Rab11fip2	2874.06
Atp2b1	94078.4
Trip12	2434.75
Kbtbd7	839.6084999999999
Opcml	12334.4
Ank3	31384.5
Brd1	1251.395
Arfip1	2290.44
Evi5l	5253.84
Mdn1	420.656
Kif14;Kif9;Stard9	5379.95
Usp35	3538.61
Capn2	6917.69
S1pr1	11733.9
Cacna2d1	14386.7
Bin1	41256.5
Sec22b	14207.9
Dpysl2	414752.0
Rundc3a	3608.25
Emd	5186.58
Esrra;Esrrb	704.748
Gtpbp1	2255.76
Alyref	6370.04
Clta	101771.0
Pten	2584.09
Stxbp1	249518.0
Endog	3669.03
Myh11	1962.605
Ephb6	1731.87
Map3k4	5604.72
Metap2	4799.37
Kifc2	2096.75
Capn5	2921.59
Prdx6	70442.7
Akap1	2488.3
Ampd3	2724.2
Polr2j	4754.24
Unc5c	1054.31
Dld	44286.2
Hsd17b10	24833.1
Ube3a	11474.8
Tcof1	3667.56
Dctn1	18735.1
Prkcsh	6223.78
Serpinb9	2511.72
Prdx4	31669.7
Diaph1	3175.5
Eftud2	6250.87
Ercc2	1422.35
Gfra2	651.077
RO60	1773.79
Pik3r2	1331.22
Faah	8549.75
Aip	6416.38
Flot1	20091.3
Numbl	28384.8
Cyth3	2415.33
Mras	4720.96
Sdcbp	887.654
Pex5	1283.82
Snap23	2534.99
Psmb1	12356.6
Ndufb11	61683.8
Sema4d	468.916
Gsto1	8905.19
Sod3	999.06
Rpl21	15060.6
Gclm	7976.62
Amacr	1505.26
Vps26c	1261.24
Agpat1	11354.1
Dpysl4	47588.0
Map3k5	2145.38
Scarb2	4318.01
Atn1	637.883
Grcc10	3555.48
Phb2	84368.6
Ncam2	9525.87
Atp5if1	41874.2
Terf2	1162.04
Gosr2	2490.56
Cx3cl1	1287.69
Ddt	15867.0
Cpsf2	3344.14
Psmd4	5716.4
Ptpn9	2974.87
Exoc7	3806.72
Dhx15	20246.0
Purb	21653.4
Slc18a3	1835.47
Slc6a6	50505.3
Srsf5	18506.7
Kpna4	6408.18
Kpna3	1484.54
Kpna6	691.16
Capn1	2302.89
Anp32a	20546.3
Exoc4	6439.35
Hax1	5068.34
Efnb3	4758.4
Pld3	18431.0
Folh1	2879.75
Pdyn	5814.86
Dhodh	3816.5
Prrt1	12632.3
Fkbpl	2596.93
Clcn6	2048.86
Ech1	2541.67
Fkbp8	654.78
Edil3	897.231
Slc27a2	1026.64
Cdk14	3705.76
Stx1a	88707.0
Rabep1	6235.81
Psmd14	18066.0
Adam10	2466.78
Bmpr2	3182.95
Scamp3	5676.2
Pmm1	10450.9
Slc32a1	30962.2
Stag2	371.321
Anxa3	4247.01
Ap1b1	23945.5
Pold2	555.924
Neu1	966.287
C1qbp	16501.7
Hap1	8106.96
Mgll	6337.37
Syt3	890.727
Myadm	15450.6
Ndufa1	6336.81
Serpini1	2033.05
Nudc	15711.5
Pnn	18164.8
Ring1	708.606
Hnrnph1	16992.0
Api5	19639.6
Bcat2	2033.65
Timm44	5116.15
Cops5	16188.6
Slc1a4	7002.54
Calu	6323.44
Lsm2	4797.3
Cdk5r2	1233.03
Ctnnd2	15230.7
Fxn	1871.83
Pitpnm1	16180.8
Rab33b	5504.04
Mrpl23	1617.49
Zw10	2020.4
Cavin1	3697.46
Ddost	16434.1
Ap3d1	9710.7
Srpk2	5893.87
Dapk3	2211.4700000000003
Tpd52l1	4235.44
Bysl	1410.35
Rgs9	7166.23
Rgs7	15536.0
Csnk2a2	7093.75
Arhgap6	3287.53
Gucy1b1	9018.07
Hmgb3	6954.27
Cd200	6399.18
Reps1	5048.06
Pakap	4902.01
Smarce1	5157.79
Dnajb6	11404.5
Prkag1	3653.89
Banf1	8658.45
Tnk2	757.222
Crym	88307.3
Get3	30742.2
Slk	53993.0
Cntnap1	18891.1
Bnip3	2545.0
Trappc3	15072.0
Cacna1b	3880.42
Pgrmc1	24549.5
Impa1	16812.0
Entpd2	6625.53
Bckdk	500.239
Copb2	8185.22
Nck2	6583.25
Snca	173376.0
Tlk2	1509.76
Pde6d	1969.69
Tpmt	1412.13
Impact	9813.95
Syngr1	97826.8
Bloc1s1	2367.67
Strn	7709.11
Nipsnap1	5352.46
Nipsnap2	30002.8
Sap18	17562.9
Septin7	74459.4
Acot1	1426.83
Atp2a2	96990.0
Pja1	1187.47
Cbx4	1795.9
Supt5h	3375.19
Chkb	2617.76
Psmb5	17083.8
Rngtt	2236.45
Dhx9	34270.5
Dpm1	2957.15
Pip5k1c	8503.48
Stmn3	1650.61
Pip4k2a	22918.5
Eif3d	13320.1
Pdlim3	390.757
Atp9a	7254.98
Pgam2	4085.7
Eef1b	29782.8
Hmox2	7757.74
Grk6	1190.75
Atxn2	3073.38
Itgb5	1571.315
Nmt1	2246.91
Nmt2	3459.37
Epb41l2	18423.5
Gpx4	4654.29
Nptx2	7400.75
Dxo	1137.28
Ca11	1092.09
Emc8	8582.66
Pdlim1	1801.27
Gtf2h4	860.633
Psma3	15493.6
Stx7	11162.6
Gnaz	15801.0
Sfn	67384.5
Ugdh	342.642
Vamp4	4363.15
Ubr1	5420.46
Snx3	5874.24
Snx12	9358.66
Hsd17b12	8240.91
Hcn4	1218.67
Srpk1	1580.9
Diaph2	6267.65
Cask	8011.86
Pfdn2	11875.7
Ttc3	2680.19
Cfdp1	2303.56
Wiz	1231.01
Znf326	12191.7
Sorl1	3522.14
Nid2	6752.04
Wdr1	44462.5
Slc4a4	14199.9
Ikbkb	2180.335
Vti1b	8657.11
Papss2	943.466
Mtx2	12827.7
Adcy1	1955.9
Klc1	15227.6
Klc2	5637.56
Dhcr7	2453.56
Capns1	8499.21
Dync1i1	4448.67
Dync1i2	6083.49
Pde8a	1118.97
Cntfr	2849.7
Shoc2	1826.94
Ppt1	4632.28
Zfr	9883.35
Ddc	6020.18
Cops3	24038.0
Cops4	15492.4
Cops6	5390.21
Men1	2534.27
Hnrnpa2b1	257393.0
Comt	4360.94
Becn1	2295.5
Cacng2	8194.39
Parg	2080.36
Pak1	28130.2
Lamtor3	3388.35
Brd7	885.605
Psmc3	13543.8
Pcdha10;Pcdha4;Pcdha7;Pcdha9	1196.35
Clpp	7583.93
Hcn2	9484.79
Hcn1	3127.59
Hcn3	1491.98
Ctbp1	35449.7
Map7	5071.59
Hsd17b7	719.901
Bsn	35871.7
Birc6	2078.67
Gdap1	25958.5
Tom1	7249.87
Rpp30	1375.24
Dcx	1029.15
Stam2	1554.31
Fut9	975.3219999999999
Shd	1381.52
Idh1	25533.1
Akap10	2926.01
Arl6	1939.02
Rbbp9	508.676
Mpp3	5942.25
Syn1	234822.0
Lin7b	13676.3
Lin7c	35359.2
Gnpda1	8307.87
Yme1l1	1929.67
Stx8	3375.49
Olfm1	11499.5
Cpd	4533.97
Sh3pxd2a	3052.99
Itm2b	4070.1
Coro1a	27724.8
Cope	3263.99
Pde4a	3875.59
Rbm3	7219.78
Fhit	3222.18
Lancl1	38334.9
Dnajb5	1156.11
Vti1a	2757.87
Mt-Cyb	26923.4
Mtco1	3257.97
Mtco2	289417.0
mt-Co3	10684.3
Hprt1	21400.1
Ca2	191577.0
	3398.54
	1373.97
Thy1	186717.0
Hba	41859.0
H3-3b;H3-5;H3c11;H3c15	24322.8
Col4a1	5685.54
Lamc1	10068.6
Lamb1	1308.65
Krt10	41225.3
Mtnd1	14311.3
mt-Nd2	756.691
Mtnd4	8288.1
Mtnd5	6438.51
Mtatp8	44481.2
Gfap	70320.3
Krt1	5944.0
Mbp	30552.5
Araf	2560.84
Saa3	10637.0
Slc4a1	945.651
Prnp	7539.31
Aldoc	47497.2
Aldoa	220732.0
Prkaca	11016.5
Got1	106411.0
Got2	226492.0
Src	10757.3
Kit	2209.86
Itgam	1839.53
Myl1	577.0435
Ldha	124019.0
Nr3c1	2103.4
Gpi	126164.0
Me1	8784.34
Gap43	23994.5
Ckm	2913.73
Anxa2	3032.46
Alb	11958.8
Serpina1a;Serpina1b;Serpina1c;Serpina1e	1240.49
Hsp90aa1	195504.0
Ercc1	1203.08
Pdia4	5239.35
Aprt	2383.51
Hck	10236.0
Hsp90b1	132870.0
Col4a2	21307.5
Apoe	21447.4
Sod1	57875.6
Mdh2	288271.0
Camk4	9308.49
Nefl	162788.0
Nefm	110758.0
Nras	3949.03
Gnai2	15348.1
Polr2a	3105.41
Itgb1	2547.2
P4hb	13476.2
Alpl	1044.0
Ncl	51967.9
Pgk1	157981.0
Ace	2053.39
Fth1	78742.8
Myl4	2454.33
Hmgn2	5614.33
Sod2	63954.6
Surf1	4140.8
Nudt10;Nudt11	2460.65
H2az1;H2az2	36822.6
Lrrc4b	11676.2
Pde11a	1309.625
Wipf3	9170.82
Atxn1l	2031.77
	1357.86
Derpc	3308.29
Rps27a;Uba52;Ubb;Ubc	201655.0
Pet117	596.923
Ndufb1	880.565
Calm1;Calm2;Calm3	92778.5
Zftraf1	2037.06
Eef1a1	35916.6
Nid1	5125.74
Alad	4936.79
Ctsb	5416.3
Eif4a2	53961.1
Mapt	67899.9
Txn	27774.1
Gstm1	42465.6
Tcea1	14971.2
Rras	1154.29
Slc3a2	39185.0
H2bc14;H2bc8;H2bc9;Hist2h2bb	120110.0
H1-0	45918.4
Sub1	78984.3
Col1a1	2047.88
Parp1	3392.18
Fn1	1386.79
Gpx1	3162.04
Fabp3	77952.0
Lamp1	3554.1
Hsp90ab1	238270.0
Dmd	2648.95
L1cam	14190.9
Krt8	2660.56
Camk2a	191654.0
Itgb2	1278.14
Itpr1	38984.6
Tcp1	32689.5
App	10709.8
Prkar2a	13367.7
Pfkl	12754.1
Chrm1	5440.3
Calb1	80748.4
Cox5a	19262.9
Pdcd6	8726.74
Prkar1b	5588.58
Cntn1	112668.0
Scg5	2504.13
Rpl7a	21686.2
Scd2	2202.48
Gsn	12055.1
Fosb	1265.44
Umps	2921.46
Myh8	4638.0
Ncam1	92659.2
Gpd1	16441.9
Dnmt1	2169.94
Atp1b1	305042.0
C1qb	2560.86
Rpl27a	33904.4
Rps16	26649.2
Rpl7	22640.9
Mdh1	179808.0
Rpsa	61186.3
Calr	18485.9
Atp1b2	59144.3
Srp54	4726.07
Hspb1	3135.56
Psmd3	10724.2
Lmnb1	27890.6
Anxa6	19463.7
Rplp0	9479.33
Map1b	37863.1
Glul	125370.0
Cdh2	10536.3
Insr	887.336
Ntrk2	900.548
Bpgm	903.754
Cd44	1334.28
Kcnc1	1817.11
Sptb	9454.32
Nme1	42475.8
H1-2	530.405
Atp6v0a2	1292.04
Chgb	3215.73
Lgals1	1626.92
Prkce	13465.5
Ldhb	118155.0
Srp14	2063.29
Slc4a3	3293.52
Cnp	204051.0
Mmut	6691.96
Kcna1	11797.6
Kcna3	2857.5
Enpep	1017.48
Ass1	27868.1
Sptan1	174055.0
Gapdh	266610.0
Atf2	2838.28
Lamp2	2787.24
Hmga1	10303.9
Hspa2	13577.5
Eno1	365043.0
Eno2	108039.0
Ptbp1	2326.44
Ap2a1	103906.0
Ap2a2	24814.4
Gba1	531.216
Selenbp1	4911.36
Cox7c	36493.2
Hk1	172764.0
Ppia	173934.0
Tpi1	124655.0
Slc2a1	19058.7
Hspa1a;Hspa1b	10502.8
Lyz1	1646.1
Ptpra	7206.84
Ctsd	11088.9
	1397.83
Bsg	29599.8
Slc7a2	1671.96
Rps6ka3	1583.02
Cfl1	44507.1
Phka1	1010.21
Gnao1	381098.0
Fasn	26413.2
Lama1	2650.3
Gstp1	12079.0
Nefh	30757.9
Rpl13a	9918.69
Nelfe	2454.12
Cox5b	105018.0
Cox4i1	134318.0
Lsp1	1796.79
Hspa5	53065.1
Hexb	16954.7
Tmsb4x	449.518
Prdx3	42799.9
Vim	20083.3
F3	3308.03
Map2	67250.4
Prkca	9632.35
Fcer1g	2678.23
Mag	27482.1
Tpm3	51094.9
Ubl4a	10204.8
Gna11	38838.0
Gnaq	25702.5
Abcb1a	2415.47
Cst3	16371.6
Gc	1004.6
Lmnb2	22633.5
Pcsk2	2145.61
Ache	20265.2
Tgm2	1035.96
Emb	4550.46
Penk	5015.14
Fech	7766.71
Cbl	2945.71
Gabrg2	8176.88
Ap1g1	13574.4
Hmbs	723.861
Gabrd	2018.75
Eif3a	9269.43
Cbx3	8722.61
Gja1	7242.35
Prkch	3212.05
Xrcc6	945.156
Pnp	4353.35
Pcmt1	25064.5
Gfus	6012.81
Gria1	17108.4
Gria2	28391.6
Cryab	9102.27
Cat	4021.34
Bcat1	4098.81
Ppib	9628.44
Gsta4	20792.5
Lta4h	14495.2
Th	12836.4
Impdh2	9266.68
Aldh1a1	28819.8
M6pr	700.418
Cdk11b	2898.5
Rps2	14853.5
Timp2	979.556
Ubtf	9392.66
Tln1	5534.01
Ezr	40222.0
Msn	4897.13
Rdx	20453.7
Gabra2	1743.6
Gabra3	2688.11
Ctnna1	3548.25
Chga	2347.57
Ptma	1926.16
U2af2	16806.6
Glud1	81601.1
Pik3r1	3449.47
Psmd7	6245.81
Sars1	12105.3
Marcks	64788.0
Fkbp1a	97769.4
Snrpb	36634.9
Map4	9299.26
Gna13	30947.2
Plaa	7624.92
Xrcc5	1009.08
Rpl3	9393.39
Rasgrf1	3239.06
Pdia3	47716.6
Braf	7837.63
Psmb8	9718.985
Aco1	6295.63
Apex1	8614.21
Adh5	11845.2
Slc6a9	9688.16
Adss1	9827.12
Camk2b	35797.9
Nap1l1	3673.98
Atxn10	4077.66
Celf1	2110.2
Nckap1	24464.4
Septin4	20128.7
Napb	69467.0
Marcksl1	1837.95
Rxra;Rxrg	659.958
Rxrb	1346.94
Kif5c	15934.3
Kif2a	16963.7
Kif3a	5092.88
Prkcd	3209.04
Tbp	831.184
Pabpc1	40139.1
Ftl1	17814.1
Hexa	5651.09
Vcam1	2823.98
Nedd8	27472.0
Oat	7310.78
Ckmt1	165759.0
Nktr	683.021
Fkbp4	7779.48
Tacr1	1104.54
Hmgb2	2273.02
Ctnnd1	5601.06
Des	886.8140000000001
Aimp1	5286.95
Prkar2b	54194.4
Slc6a1	16612.8
Slc6a11	49838.9
Akt1	2208.93
Dbi	13098.5
Map2k1	20919.9
Scp2	7912.39
Slc2a3	6127.31
Ssb	6910.96
Chrm4	966.891
Drg1	5761.52
Serpinc1	287.718
Pvalb	2805.15
Kras	23804.4
Wars1	9615.52
Kif1a	12224.4
Kif5a	3238.39
Ranbp1	14630.5
Ptk2	8789.32
Mif	14523.3
Ephx2	8476.96
Usp4	2458.76
Ptpn11	14149.2
Rab3d	28073.7
Rab5c	26263.4
Rab6a	18725.4
Rab21	8734.65
Rab12	4452.57
Rab22a	4525.52
Rab23	6690.89
Rab24	5855.28
Rab18	10491.8
Icam2	734.414
Grin2a	4295.32
Grin1	14773.8
Pdha1	143541.0
Fah	10801.0
Ret	1113.88
Fbl	15236.3
Kcnj2	1930.83
Canx	28597.0
Ap1m1	5417.69
Prdx1	59780.3
Cd81	7613.41
Gpm6a	214334.0
Gpm6b	35631.8
Ptpn1	1439.42
Fmr1	2829.66
Rpl12	17427.1
Rpl18	53753.3
Cpox	2593.79
Gnl1	11852.1
Ppm1b	4760.54
Por	18540.2
Tagln	2547.19
Hmgcl	8220.31
Ttl	1426.75
Hspa9	67111.9
Cdh4	5076.92
Dnm1	137979.0
Dnm2	3195.84
Grik2	6330.16
Man1a2	1961.48
Tjp1	5037.36
Fyn	6437.58
Fen1	1675.38
Cap1	19582.6
Tkt	44163.1
Chd1	2906.85
Cd82	4905.03
Vps26a	15670.0
Tfam	9247.08
Inmt	1037.4815
Rpl28	7394.35
Acsl1	8460.7
Abca1	1690.335
Abca2	2473.32
Csk	4580.07
Matk	1886.29
Tac1	2250.98
Pbx1	3556.17
Eci1	8442.36
Foxk1	3381.98
Septin2	9136.07
Stat1	2063.39
Stat3	1290.79
Stat5a;Stat5b	1243.52
Eps15	2189.11
Pura	52135.6
Htt	8493.11
Cct8	28507.5
Slc1a2	153161.0
Cox6a1	11917.9
Nr2f6	1710.48
Msh2	2603.48
H1-4	275892.0
H1-1	19144.3
H1-5	22153.6
H1-3	291152.0
Itgav	4439.85
Akr1b1	20715.1
Cfl2	4373.16
Fkbp2	17945.9
Acadm	17997.1
Rangap1	7784.86
Syt1	62340.0
Syt2	3488.67
Cdkn1b	4094.0
Nsf	242015.0
Vps4b	3179.93
Psmc2	12735.9
Rab11b	41851.4
Ina	180539.0
Nf2	732.5905
Adss2	16902.7
Myo1b	5290.65
Nedd4	5125.14
Stt3a	7136.71
Cryz	7338.67
Rph3a	27818.0
Aldh2	52694.4
Aldh3a2	5956.64
Cnr1	19236.9
Capza1	7935.47
Capza2	10092.2
Capzb	29965.0
Srprb	1561.02
Nsg2	626.425
Gsr	9950.33
Mtx1	10676.1
Map2k4	10646.1
Mapk14	2186.13
Gfpt1	2372.64
Pfkm	90349.7
Scg3	2414.75
Rpl6	53164.6
Rpl29	12094.4
Crat	7329.01
Crkl	4398.84
Rpl5	6096.75
Rpl13	67495.6
Rpl36	2677.23
Eif1;Eif1b	10783.3
Anxa5	20795.6
Epb41	3371.03
Gad1	7669.24
Gad2	11389.3
Tbca	11700.9
Ppp3cb	49068.7
Lmna	64769.1
Hspa4l	32749.5
Cbr1	37439.5
Cox7a2	101282.0
Gstm5	21968.6
Slc25a4	358388.0
Cit	10690.3
Camlg	2795.82
Nr2c2	2587.57
Ercc3	505.421
Hnrnpa1	94610.6
Inpp1	10499.5
Ppm1a	16078.0
Ptpre	4061.46
Pcyt1a	4591.74
Cdk5	15162.9
P2ry1	1318.59
Psma2	14216.8
Psen1;Psen2	481.843
Tmod1	3310.13
Cav1	4960.66
Impdh1	3562.13
S100b	3280.69
Bckdha	8990.46
Hsd17b8	13382.5
Ahcy	18736.2
Gdi1	47715.0
Sts	1897.91
Arsb	2702.47
Krt6a	24496.6
Atp6v1a	161261.0
Atp6v1e1	149838.0
Acadvl	5917.71
Pa2g4	10433.3
Tub	921.019
Cast	1151.12
Dvl1	1057.05
Rab7a	50917.2
Uros	4483.96
Acadl	9932.91
Ppox	1826.13
Rpl9	7379.84
Gpc4	4903.56
Hsd17b4	13011.6
Clcn3	3560.46
Adcy9	5572.92
Gss	3798.8
Hdgf	17686.5
Atp6v0d1	211545.0
Fabp7	5256.96
Slc25a5	115790.0
Apod	2420.79
Mnat1	1664.41
Kcnj4	4917.02
Tst	10659.9
Kpna2	780.678
Pon1	350.074
Pold1	2806.12
Polr1c	4597.41
Usp10	3338.71
Pkm	179401.0
Ube2e3	5434.03
Ndufs6	11300.5
Uck1	5078.48
Rida	10416.6
Cpt2	2123.51
Tia1	2674.94
Rpl10a	29120.1
Dbt	9447.72
Cux1	1193.93
Rabggtb	4871.22
Hccs	664.443
Pitpna	20723.4
Pitpnb	2223.81
Slc16a1	2740.74
Rab2a	24704.1
Anapc1	6866.3
Idh2	36856.4
Dnajc2	925.8009999999999
Stom	580.245
Stmn1	55904.0
Atxn1	5064.22
Msh6	1767.26
Cacnb3	5193.12
Rad23a	2241.23
Rad23b	17535.2
Nub1	4113.09
Faf1	7408.15
Ephb4	4232.79
Psmc4	20729.9
Tango2	17269.9
Galc	1061.97
Adsl	9978.0
Ddx6	13516.6
Ptpn5	4282.71
Hmgcs2	5020.51
Adprh	9099.87
Slc12a2	10848.2
Pltp	1913.96
Ncan	40349.4
Aqp4	6611.71
Abcd3	5713.42
Kmt2a	2419.39
Rab8a	3016.97
Adk	6143.38
Cdh11	3056.34
Lrpap1	7202.25
Stmn2	40003.8
Golga3	2488.4
Atp5mf	166072.0
Rrp1	1854.21
Gfer	3042.54
Rab4a	3467.71
Acyp2	6919.67
Acyp1	11465.8
Atp5mpl	4894.52
Nudt2	4112.66
Atp5f1e	264.886
Atp5mc1;Atp5mc2;Atp5mc3	3865.2
Cox6b1	13973.7
Cox7b	4558.355
Cyb5a	2768.74
Usp5	27100.8
Atp5f1b	296782.0
Ctbp2	1416.33
Slc1a3	10911.2
S100a1	2734.56
Wfs1	20562.3
Pdcd5	4863.3
Bace1	1333.36
Pmch	4331.72
Fus	146578.0
Exosc10	1064.59
Usp25	546.071
Ncstn	5542.76
Pcbp3	4531.12
Atp6v1d	11560.7
Erp29	9974.92
Npy	2104.34
Eef1d	24300.6
Actn4	39453.6
Snrpa1	16228.8
Tm9sf2	8655.26
Idi1	2014.32
Mrps21	790.671
Mrps6	584.438
Rasa2	1198.54
B3gat3	3301.45
Smpdl3b	1447.23
Eef2	25615.2
Opa1	36099.8
Uchl3;Uchl4	4373.33
Ptpa	10635.2
Strn4	7211.44
Paxbp1	2674.73
Bbln	5351.52
Aaas	1560.88
Tpm1	30471.4
Tpm2	1677.77
Tubgcp3	6259.16
Tnks1bp1	4254.23
Gmeb2	2516.82
Vps33b	22998.6
Bcl2l13	5623.36
Cpne2	1657.08
Pcif1	1721.85
Nup43	1141.1
Cgn	1957.61
Zdhhc9	514.693
Arhgap39	4201.23
Eif5	7107.31
Ythdf1;Ythdf2	2704.6
Lman2l	4708.57
Inpp5j	3893.6
Sf3b6	4025.24
Mrtfb	5834.79
Dock4	10005.9
Il1rapl1	1437.95
Kdm2a	1001.69
Arpc4	64368.0
Ruvbl1	17916.4
Plp1	67326.4
Eif3e	13776.9
Pcbp1	33777.1
Ppfia3	22511.5
Pdxp	78421.9
Gabarapl2	17650.0
Nploc4	4027.96
Actb;Actg1	2052400.0
Mdga2	3365.3
Nrgn	38511.7
Morf4l1	499.635
Cdc42	24874.2
Cirbp	10692.7
Ensa	29932.0
Eif4a1	14493.8
Lzts1	7236.19
Rps20	15475.7
Snap25	72211.0
Megf8	1420.14
Polr2i	1724.88
Dnajc5	1869.79
Rab5b	21874.2
Chp1	9599.78
Rab10	34749.6
Rab8b	3396.96
Ube2d2;Ube2d2b;Ube2d3	20469.2
Ube2d1	3180.12
Ube2m	20148.5
Ube2k	4166.78
Ube2n	29628.9
Fgf1	5408.37
Actr2	55305.6
Actr1a	3408.65
Cops2	18619.6
Arf1;Arf3	4374.11
Arl1	3680.0
Ca10	1605.73
Abce1	4440.1
Rap2b	41692.4
Rpl26	13030.8
Stx1b	81540.1
Psme3	5627.5
Rab6b	43529.9
Gal3st3	545.368
Magoh;Magohb	13241.4
Fgf12	9297.97
Rpl27	6830.36
Depdc5	7927.94
Rpl37a	1567.44
Naa20	1439.15
Sec61a1	3637.47
Arf4	33261.0
Vbp1	8401.8
Lpar1	1126.42
Dad1	8706.64
Snn	2779.07
Abat	118700.0
Copz1	4859.58
Sumo2;Sumo3	26642.1
Ufm1	7156.46
Dcaf7	1690.79
Wdr5	1581.58
Nutf2	10986.5
Hnrnpk	81826.0
Ywhag	131080.0
Rras2	7585.76
Timm10	14991.3
Timm13	18458.9
Timm8b	3823.18
Rps7	11072.1
Ppp1ca	26213.2
Ppp1cb	7998.34
Psmc1	26495.1
Psmc5	11491.0
Rps8	29702.2
Rps15a	12981.8
Ube2h	496.5825
Ywhae	152480.0
Rps14	31173.4
Rps23	2554.69
Rps18	37923.0
Rps11	10847.8
Rps13	18811.7
Snrpe	9425.67
Snrpf	5895.41
Snrpg	2463.68
Lsm3	15955.3
Lsm6	9392.72
Snrpd1	11266.0
Snrpd2	36613.0
Snrpd3	66428.1
Arf6	9581.39
Psmc6	3577.69
Selenot	2262.49
Kcnab2	11002.2
Abi2	31460.1
Polr2g	1504.75
Tsc22d1	8122.75
Dynlrb1	8798.27
Eef1a2	155535.0
Rps4x	37935.6
Ppp2ca;Ppp2cb	89820.7
Rpl18a	3959.5
Ap2s1	119949.0
Hpcal1	14087.0
Rpl23a	37935.3
Rps6	32283.9
Vsnl1	39921.9
Mtpn	10817.3
H4c16	1091910.0
Gabra1	25895.6
Atp6v1b2	134180.0
Rab1A	26004.4
Rab3c	77375.3
Ran	40945.3
Rpl23	13772.4
Rap1a	60994.5
Rps24	3226.13
Rps25	41974.8
Rps28	20071.6
Elob	6845.13
Gnb1	218178.0
Polr2l	2795.86
Gnb5	10694.3
Rpl30	2490.37
Rpl39	10512.6
Cycs	113987.0
Rpl31	2412.19
Rps3	29423.5
Rpl32	3074.56
Gtf2b	3567.51
Rpl8	32240.3
Ybx1	1818.67
Pfn1	36362.5
Tra2b	4137.95
Rac1	1094.01
Tle5	2653.15
Pafah1b1	38806.0
Rab3a	33184.9
Hspa8	274007.0
Tpt1	3649.52
Cyth2	22355.5
Dnaja1	8037.59
Hspd1	69339.9
Cplx1	133492.0
Vamp2	48982.9
Sult4a1	3174.39
Pcp4	43613.5
Thra	2471.3
Eif4e	10116.5
Gabrb3	9380.62
Atp6v0c	828.047
Mapk1	80385.4
Ppp1cc	21795.0
Ywhaz	346851.0
Gabrb2	6882.98
Kcnab1	2445.25
Crnkl1	2177.0
Hmgb1	14778.9
Sumo1	10257.7
Dynll1	1339.47
Gng3	4122.26
Pcsk1	1156.64
Eif5a	18736.3
Pkia	9142.08
Kcnj3	2018.8
Actg2	11622.4
Supt4h1a;Supt4h1b	3362.45
Rps17	1909.63
Ube2i	9571.08
Prkcg	18770.5
Rala	19409.8
Rps12	10447.4
Rps10	11638.1
Ppp3ca	300584.0
Phb1	90262.9
Csnk2b	6799.21
Rpl22	14124.2
Actc1	4096.78
Ube2l3	14547.9
Rack1	33996.2
Prkacb	28886.8
Ywhaq	57112.0
Tuba4a	340913.0
Tuba1a	504609.0
Tubb4b	26774.9
Prkcb	8780.34
Ywhah	76937.2
Ranbp9	3186.3
Zhx1	1163.77
Sbds	3610.04
Kpnb1	38191.7
Dlg3	7817.38
Pip5k1a	1227.56
Kifap3	7758.04
Psmb7	19822.2
Lxn	1503.15
Plxna1	20243.5
Plxna2	9843.6
Dcc	2985.77
Itpr3	534.68
Chl1	5375.49
Map2k6	7397.05
Pfkfb2	2448.16
Pkn1	1938.83
Surf6	2243.86
Vamp7	3441.56
Hdac2	16015.3
Mpp1	5567.92
Pebp1	90731.5
Stam	1612.01
Stim1	9869.6
Ctps2	1342.77
Tial1	27126.0
Hnrnph2	6291.99
Rock2	15616.5
Smad1;Smad5	672.255
Hint1	105256.0
Ufd1	7001.0
Ncoa1	2247.78
Elavl1	56783.0
Rad50	1929.71
Rasgrf2	4648.55
Dlx6	847.018
Usp9x	11534.1
Tp53bp1	6709.92
Idh3g	23072.6
Cdh10	3300.1
Slc8a1	18606.9
Rit2	1788.42
Evl	1654.66
Nherf1	22758.3
Stx4	4641.72
Sparcl1	8272.3
Naca	11898.8
Irf3	501.422
Urod	1068.46
Ctps1	1870.07
Gaa	5455.95
Atp8a1	22242.1
Cct7	26104.0
Cct2	42878.3
Cct4	23695.1
Cct5	26578.1
Cct6a	23117.4
Cct3	36403.3
Ptprn2	7950.38
Nucb2	2129.58
Irs2	1484.59
Stim2	6989.29
Tnik	4991.82
Wnk1	2688.87
Phf5a	5466.72
Rpl36a	4845.82
Eloc	6927.16
Hpca	132693.0
Arf5	54600.8
Cplx2	11253.6
Erh	37316.8
Ap2m1	95073.4
Rhog	4647.62
Rpl19	835.889
Srsf3	133867.0
Adcy5	41178.9
Isoc2a	2599.76
Cdh8	789.603
Nptn	62208.6
Csrp1	16913.7
Dab1	731.623
Cdh6	906.524
Nrp1	1025.66
Pkp1	12020.115000000002
Rps3a	15661.6
S100a13	10851.4
Sms	3672.26
Sephs2	6089.42
Meis2	1275.18
Atp1b3	16510.9
Psme1	7106.29
Psme2	24908.7
Frg1	1147.49
G3bp2	9512.52
Anxa11	7008.13
Lig3	1660.82
Vps45	5981.42
Arhgap5	2805.97
Ica1	3465.8
Lyst	2051.89
Crmp1	97724.9
Anxa4	1596.82
Mprip	4181.54
Slc30a3	21272.0
Cacna1a	5271.18
Fhl1	2793.26
Anpep	1671.71
Atp5pf	19110.9
Bop1	2066.7
Myl11	1140.7525
Rps5	19023.8
Pam	4143.4
Ppp4c	6605.33
Smad4	1574.87
Coq7	4426.28
Rgs14	5647.57
Txn2	2501.49
Gclc	5689.94
Smarcc1	870.044
Myt1l	3074.25
Cpt1a	5892.14
Polr2c	6846.45
Wbp2	29624.1
Thumpd3	1018.96
Grm1	5578.94
Xrn1	2481.16
Cxadr	4416.98
Sirpa	18093.2
Neo1	2686.15
Nrsn1	320.442
Fh	54374.2
Pld2	3752.725
Pla2g6	1690.5
Map4k4	2374.38
Lypla1	10543.7
Jpt1	2953.45
G3bp1	3566.35
Nfib	692.5595000000001
Rbbp6	1665.98
Lama4	2527.16
Dtymk	7650.83
Rab33a	4480.53
Scn1b	11426.6
C1qa	9586.61
Vldlr	1735.65
Cds1	783.95
Atp9b	874.68
Atp8a2	1053.86
Arvcf	2471.55
Tubb5	434350.0
Psmb4	5922.88
Rplp2	34090.4
Prdx5	111790.0
Gabpa	1242.25
Cpe	14366.4
F8a1	5721.19
G6pdx	8061.67
Apoa1	13630.6
Yy1	1163.74
Rbp1	2843.47
Csf2ra	1522.455
Hnrnpul2	41134.7
Pde4d	2936.67
Pde1b	60125.9
Grin2b	9049.11
Creb1	4379.29
Col1a2	2678.15
Egfr	813.149
Sec23a	16508.9
Rsu1	1280.62
Nme2	98941.1
Cacna1c	2574.6
Vcp	55828.1
Uba1	62006.6
C1qc	6058.35
Ctnnb1	9409.07
Jup	3425.15
Ank1	4753.11
Sap30bp	1552.9
Nfia	4692.32
Nucb1	18307.1
Chat	7330.13
Epha4	4808.54
Mark3	3139.74
Cdk7	1516.29
Aplp1	11330.2
Enah	5635.67
Galt	1847.33
Atp5f1a	262918.0
Scg2	19690.3
Kcnb1	5195.23
Pfdn6	6630.01
Ckb	681379.0
Smpd1	2265.66
Nf1	5010.75
Cdk16	2230.1
Yes1	5787.07
Top1	5008.63
Col6a1	1330.505
Cdk18	2708.34
Rcn1	5309.96
Mark2	11108.8
Hspg2	8090.51
Fabp5	23830.7
Ptprg	2103.8
Pc	30708.7
Dnal1	1361.15
Eml1	5087.65
Larp7	1881.67
Eif5b	1928.16
Cab39	12451.3
Atp5me	40472.2
Aplp2	2964.13
Clu	9118.61
Anxa7	18733.0
Igf2r	2006.02
Serpine2	3058.71
Cntn3	1411.65
Acads	3309.15
Mest	1800.06
Dmwd	5187.96
Calb2	42118.5
Kcnma1	8686.87
Eps8	2200.85
Padi2	5118.22
Ssrp1	8921.54
B4galnt1	10520.7
Agbl4	2548.87
Chd8	1927.05
Cnnm1	3358.96
Inf2	13181.4
Kndc1	537.77
Ubxn2b	1282.64
Trio	7175.29
Vps8	2206.48
Zc3h18	2871.37
Dact3	2363.44
Cntnap5a	3350.89
Itgb8	2508.06
Stum	27454.7
Krt80	1013.29
Rbm15	3857.23
Cpne7	1801.52
Atp2b3	14004.4
	786.845
Ccdc162	549.102
Ppp4r2	2841.12
Vgf	10814.2
Tanc1	173.9595
Npepps	30437.5
Pepd	4893.2
Relch	8094.55
Rpusd2	560.6215
Gspt2	3165.78
Dnajb14	1475.08
Rpusd3	787.2985000000001
Rnf113a2	2147.96
Map6d1	39214.3
Grm2	23999.6
Ptcd3	3657.085
Fam171b	2054.75
Aars2	2224.32
Nsun2	6251.07
Cpne9	1774.37
Specc1l	2194.48
Phactr1	26575.6
Gsk3a	10926.8
Psd3	12873.8
Pi4k2a	3291.28
Hsdl2	7032.03
Meaf6	2309.18
Lrfn1	2501.5
Msto1	1021.96
Cnnm3	1413.64
Osbp	5691.44
Hddc2	3281.22
Stk11ip	520.742
Wdr36	1654.53
Mrpl10	2765.29
Ccdc127	6222.27
Fahd2	21832.9
Cul4a	3128.79
Abraxas2	1626.26
Plbd2	4313.18
Sppl2b	818.656
Ppp1r21	6599.92
Rogdi	27609.7
Faf2	5824.43
Stt3b	5267.89
Cyb5r4	1589.92
2410002F23Rik	7215.16
Hp1bp3	52390.0
Iqsec3	2489.86
Lpcat1	3496.99
Spryd7	2856.22
Myl12b	14645.2
Aarsd1	7457.84
Gtf2f1	2879.02
Gmps	21466.1
Mat2a	16656.7
Trappc13	3908.04
Ric8a	2750.14
Pde12	1947.63
Usp39	3784.78
Aamp	1364.67
Pdlim7	790.979
Fam98a	372.531
Smarca4	5499.77
Nlrx1	1359.41
Prrc2c	6493.45
Trappc10	1810.73
Gdpgp1	3594.78
Scrn3	6593.18
Gtf3c3	1183.76
Arb2a	1779.315
Ctdnep1	1447.38
Exoc5	3613.93
	1630.12
Krt26	2504.64
Pnpla6	1221.23
Map9	3142.25
Alkbh5	1466.49
Krt2	31345.4
Tamm41	1894.77
Ccdc136	2867.24
Pbxip1	1116.66
Uap1l1	4990.62
Wdr70	1930.3
Tmem63b	1432.69
Cnnm2	1824.4
Srsf6	3005.23
Trmt1	2962.65
Psmd1	8168.14
Inip	1441.46
Slc17a7	97547.3
Fam131b	1510.93
Aifm3	3092.59
Lmtk2	2121.88
Cybc1	545.525
Smyd5	2122.43
Alg11	1122.53
Slc25a33	2166.9049999999997
Nol9	2455.65
Esyt2	24151.2
Hace1	2800.0
Ogfod1	1406.76
Trappc9	5100.44
Entpd6	1360.81
Khsrp	43428.1
Rars2	3721.26
Ddb1	17402.7
Uevld	1344.66
Dennd4b	1807.04
Serac1	576.912
Mast3	5192.35
Sdhaf1	1663.87
Vars2	1134.59
Fhip1b	865.617
Sec24a	4357.72
Ctu2	1060.59
Rnf40	2558.84
Fam117b	1875.42
Ulk3	901.079
Cln6	993.344
Hectd3	72429.9
Ssbp4	654.965
Yrdc	1615.76
Cmpk2	9153.63
Esyt1	18527.3
Fbxo7	2711.15
Lbr	1071.92
Qrich1	1477.83
Tmem109	3088.73
Mif4gd	532.254
Otulin	941.018
Ttll12	2882.52
Wdr41	1635.39
Hgsnat	1290.88
	4004.32
Puf60	22213.5
Slc10a4	2018.01
Lyplal1	5220.7
Frmd8	2499.88
Zyg11b	3986.05
Gpatch11	1417.62
Garem1	1669.12
Nt5c3b	920.148
Eif3j1;Eif3j2	7631.13
Alg10b	3819.48
Hdhd2	16003.4
Mcrip1	3994.5
Nat8l	1990.87
Arfgef3	4874.85
Tecpr2	2085.24
Dip2b	6727.86
Wnk2	4044.8
Limch1	2300.38
Plxnd1	3881.17
Nt5dc3	9314.8
Ccdc177	9105.81
Dab2ip	3722.11
Adgrb1	3487.58
Gfod1	4796.61
Mtus2	1676.28
Snx27	12337.1
Agap2	19861.7
Pitpnm3	3025.65
Hivep2	539.108
Dennd11	1822.91
Slc22a23	5709.57
Tmed8	1248.54
Aak1	12896.0
Slc2a13	4209.89
Tenm4	4962.96
Camkv	44748.0
Dop1b	1367.63
Mtcl1	2663.69
Pdap1	14216.5
Babam1	2417.97
Ndufb6	13180.1
Srsf11	5502.86
Sf3b2	17773.7
Edc4	4601.52
Usp19	2433.58
Cfap418	1797.89
Rmdn3	8959.57
Tax1bp1	2588.57
Smu1	10457.6
Arglu1	18869.7
Btrc;Fbxw11	2136.13
Mccc2	9057.52
Spg7	3800.83
Gpd1l	24212.3
Cog7	3660.62
Ppp1r7	31439.2
Smcr8	3005.76
Washc4	6607.48
Afg2a	21074.0
Mcu	7369.89
Ppp1r12c	4032.57
Hdgfl2	10266.6
Eml4	3175.05
Lclat1	3455.44
Gpr162	3471.54
Gprin1	17031.3
Cryzl2	2345.17
Prrc1	1236.37
Arhgef40	226.21
Sec31a	8229.9
Iqgap2	1684.96
Tars2	7357.91
Lsmem1	95942.8
Brd9	6348.42
Tgfbrap1	2379.83
Slmap	4238.26
Acsf3	10238.1
Tex10	2147.25
Ccdc51	3900.33
Peg3	1144.57
Plcl1	3328.01
Sfswap	486.945
Drc1	1271.53
Arhgef9	6542.28
Sorbs2	8696.93
Prdm10	592.275
Cdkl5	7055.89
Trappc14	3224.33
Cdc42bpa	2965.62
Ankrd34b	2467.56
Tbc1d24	10917.5
Them4	7334.83
Pgap1	3737.34
Krt76	27457.7
Pdp1	3036.57
Tmtc1	1028.82
Ksr2	1116.09
Lgr6	1276.89
Fam91a1	1005.912
Ermp1	7693.89
Vps51	5420.57
Grm5	9151.04
Pfdn4	3434.45
Fam81a	3611.42
Custos	1018.7025
Ppm1h	14281.4
Macrod2	1724.42
Grk3	1507.995
Ncbp1	4803.68
Svip	6241.43
Elapor2	2819.44
Ttc9	4648.89
Garnl3	853.842
Pls1	2212.76
Slc25a31	1729.75
Gal3st4	10427.1
Nt5c2	2315.34
Heca	691.22
Elmod1	8736.31
N4bp2l1	740.061
Afg1l	2032.74
Cdk15	1299.561
Bbs1	1249.94
Pacs2	1609.28
Mthfd1l	9668.46
Itga1	2271.68
Carmil2	7491.42
Smim26	1478.39
Vezt	2676.48
Mars2	2630.19
Shank3	25564.4
Prpf38a	3009.99
Abl2	4932.93
Abracl	2515.95
Oxr1	26676.4
Unc13a	13995.0
Odr4	1024.0
Trp53i11	2969.89
Miga1	329.138
Atad5	3786.71
Herc2	492.637
Sez6l2	6780.03
Pds5b	7210.34
Cdv3	6054.33
Tmem65	24296.6
Tapt1	4190.11
Wdr18	2562.42
Maea	609.168
Ddx17	10852.0
Zbtb8os	1711.25
Ankrd28	1146.41
Opa3	8457.67
Lrrc47	7569.73
Kctd8	2910.68
Ccnl1	1272.66
Spire1	887.315
Srrm1	4883.21
Prune2	11484.2
Ddx46	8046.04
Thrap3	13445.8
Gpkow	2164.61
Deptor	1143.4
Spag9	9918.99
Ndufaf2	4555.35
Usp13	558.276
Stxbp5l	7934.76
Slc4a10	7885.0
Rnf20	3002.86
Jakmip3	2136.55
Psd	6606.78
Jcad	2940.8
Kctd16	9239.07
Usp22;Usp27x	1136.32
Iqsec2	8130.85
Ipcef1	3287.89
Lrrc8b	373.759
Ermn	16826.6
Prkaa1	3363.43
Tmem256	2315.52
Nufip2	1191.09
Taok1	4600.35
Trpm3	1706.09
Mlip	1050.88
Slc39a12	2114.63
Arhgap1	18095.5
Xkr4	4647.02
Vps13a	4010.84
C2cd4c	10265.6
Slc25a51	8288.32
Slc30a9	8797.78
Vps41	956.92
Cnrip1	20867.6
Sdr39u1	11921.4
Kctd1	2199.41
Mrs2	3302.13
Trappc1	4091.11
Grm6	4464.54
Dph1	471.609
Neurl4	672.279
Rilp	12714.9
Wdr81	1198.42
Cracd	736.112
Diras2	32310.0
Osbp2	3809.01
Zscan26	723.025
Cdh12	106.2122
Smg7	1214.21
Brsk1	17912.0
Islr2	4359.23
Mocs1	5353.88
Rbm27	1145.41
Ccdc88a	2532.11
Ccdc85a	1471.41
Sap30l	1698.91
Cyfip2	38813.9
Tom1l2	14475.0
Dhrs13	1385.72
Zzef1	1851.66
Utp18	1205.97
Abr	17590.7
Arhgap44	4120.09
Tns3	2508.89
Coil	1819.91
Sco1	6917.9
Adad1	16499.5
Luc7l3	3833.44
Ctc1	1490.59
Pfas	6867.61
Synrg	5108.79
Rap1gap2	2057.17
Kat7	1396.06
Tbc1d9b	3960.25
Cluh	4459.59
Nacad	1392.82
Slc25a35	1735.02
Acaca	4477.75
Specc1	6412.15
Myo1d	11066.3
Tmem199	5207.44
Bltp2	1185.28
Kiaa0319	633.736
Rabl6	9489.29
Ubr3	1172.48
Dnajc11	6702.22
Gprasp1	2802.45
Scaf1	1759.88
Thoc6	2050.22
Lhfpl4	1244.07
Fam169a	15673.7
Acbd5	1139.83
Leo1	964.545
Lmtk3	4514.19
Arcn1	17278.2
Rnf123	2594.6
Sin3a	2945.82
Kif1b	2325.58
Ogdh	77943.0
Cttn	18795.2
Myl6	30410.9
Tiam1	1822.29
Satb1;Satb2	772.1705
Icam5	46514.1
Grb2	9406.4
Flot2	21024.1
Gm2a	3629.0
Clpb	7204.9
Hnrnpd	34728.6
Ptprn	2902.98
Lama2	2968.86
Ppp5c	6954.23
Psmb6	25736.0
Samhd1	6858.9
Slc27a1	6517.98
Tcf4	248.057
Csnk2a1	19783.2
Slc30a1	2290.82
Bag1	1752.79
Khdrbs1	38221.3
Gcdh	2610.11
Irgm1	1682.86
Stxbp3	2196.07
Cldn11	45457.8
Gas7	11660.3
Rasa3	3437.74
Traf3	2658.69
Mertk	1596.08
Cnot7	1737.66
Akt2	1506.73
Ppp1r1b	4138.69
Serpinb6	3377.69
Stip1	64140.5
Caprin1	6058.84
Pter	924.083
Eif1a;Eif1ax	3643.27
Arhgef2	12147.7
Elavl2	7458.44
Elavl3	19445.2
Eps15l1	7080.35
Vdac2	78731.6
Vdac3	46132.2
Vdac1	110719.0
Coq8a	1648.64
Pml	3272.4
Papss1	4091.19
Rbbp4	14795.6
Rbbp7	5133.58
Ncor1	1481.46
Ppp2r5c	2706.5
Lama5	9557.77
Gng7	2455.53
Asns	8912.21
Ncoa2	884.735
Tmpo	24178.1
Hars1	10836.7
Pak3	6616.42
Tsc2	4874.23
Usf1;Usf2	479.8945
Ei24	3151.96
Ppm1g	4461.87
Cdc37	6339.27
Fzd2;Fzd7	448.786
Ksr1	3759.86
Abcb7	5977.82
Dpf2	1466.08
Sdf4	1656.35
Shc3	3729.84
Nab2	3243.11
Prpf4b	2405.5
Astn1	4480.05
Bcar1	2654.87
Spin1	3283.89
Cp	14202.7
Ppp2r5e	12024.3
Slc9a1	3066.21
Mapre1	18830.5
Prdx2	89323.0
Arg1	2318.56
Tsg101	9568.63
Clns1a	1404.28
Hcfc1	90671.7
Pafah1b3	11426.0
Pafah1b2	49384.4
Psap	4966.32
Arhgef1	690.1345
Dyrk1a	1138.55
Mre11	1076.49
Nell2	2724.33
Lcp1	806.945
Snta1	5464.28
Sntb2	1489.31
Fnta	4721.31
Igbp1	2766.88
Acvr1b	1425.85
Acan	5607.85
Abcd2	1666.18
Cacna1e	10164.0
Lamb2	10040.5
Ctnna2	32913.3
Apc	1861.71
Hspa4	21641.8
Arnt2	733.774
Slc6a3	16274.4
Cntn2	8298.63
Bcap29	9345.04
Bcap31	4537.56
Bad	2295.0
Bcan	55385.4
Cox7a2l	1739.64
Hras	47366.5
Clcn4	10658.3
Hadh	25272.5
Znf638	5642.61
Smarcd1	4282.51
Pde1a	14582.7
Alcam	19075.3
Nt5e	4311.76
Erbb4	1721.96
Mapk4;Mapk6	3549.81
Glg1	14702.9
Ewsr1	33060.2
Snap91	37175.0
Rad21	2068.21
Fscn1	51508.0
Fdxr	2806.03
Fxr1	20459.2
Ktn1	5210.25
Gdi2	44703.5
Arhgdib	1184.65
Drd1	1513.34
Grid1	2269.44
Pacsin1	96557.8
Ddx19a	2409.44
Ddx5	61874.4
Hira	897.3575
Slc29a2	1846.51
Cbx5	1766.83
Atrx	2118.81
Hsph1	23829.2
Elavl4	10652.8
Itih3	2229.88
Il1rap	2696.41
Mrps31	1209.82
Cd47	18098.6
Itga7	472.0345
Itga6	1900.27
Kcnj11	1513.23
Eif2b4	1769.07
Phgdh	43471.1
Kif5b	5507.07
Kif3b	4670.12
Krt14	3024.93
Lasp1	32500.7
Rai1	473.427
Pdcd4	3200.93
Mapk10	5840.59
Pzp	2945.95
Myh10	30517.7
Mog	93475.1
Kcna6	7285.74
Npm1	31416.7
Nnt	12825.1
Pcbp2	49787.3
Ctr9	1715.58
Cep131	5443.33
Pea15	24921.9
Vcan	21325.2
Prkci	1758.12
Plcg1	4141.31
Pick1	2963.26
Pon2	2446.22
Nsg1	641.652
Srsf2	21787.0
Ddx3y	881.98
Prkd1	1768.92
Dlg4	65981.5
Sin3b	3502.31
Dag1	1594.12
Ddx3x	15300.8
Ralbp1	3285.35
Sema4a	1845.79
Sema4b	9011.3
Ssr4	6841.62
Dpysl3	12626.7
Snrpa	4726.28
Sf3a2	4299.54
Snrpc	4812.57
Sos1	1808.16
Sptbn1	134834.0
Syp	87577.0
Tspan7	2452.22
Spock1	2315.92
Tex261	319.304
Taf6	754.431
Trim28	27408.5
Tsn	4851.81
Tfrc	3416.42
Trh	2800.54
Snrnp70	22634.1
Supt6h	4841.78
Zpr1	2547.43
Tpd52	9393.94
Irak1	248.251
Speg	2662.33
Ppp1r13b	4213.28
Sorbs1	7349.0
Dbnl	42017.1
Sh3gl1	5561.29
Sh3gl2	150735.0
Sh3gl3	14870.9
Ostf1	2947.37
Ndufa4	186838.0
Cstb	14724.4
Smad2	2631.2
Ndrg1	13609.3
Tle4	3630.82
Vamp1	3303.73
Nptx1	6549.86
Fkbp3	10674.7
Eif4g2	5304.6
Vat1	12158.5
Spen	1128.08
Zyx	2220.23
Ptp4a1	2099.03
Ppp3r1	83783.6
Commd3	4415.9
Mapk3	32188.8
Nup62	4615.27
Omg	31686.6
Map2k2	606.214
Mef2d	10308.5
Kcnc3	5296.39
Col4a5	528.6385
Crk	6699.98
Raly	11382.3
Hepacam	6592.49
Spr	20397.9
Maoa	17573.1
Agtpbp1	2095.31
Actr3b	10515.6
Sf1	2427.3
Surf4	779.617
Cd34	2745.95
Npdc1	573.578
Mea1	2438.04
Myo6	4936.93
Syn2	73108.3
Tbr1	1740.53
Pde1c	2068.05
Abcg1	2732.25
Bcl2l1	1421.46
Fkbp5	8657.29
Hspe1	113457.0
Atp4a	4867.84
Sord	4937.97
Ca4	2560.58
Ptprj	4561.61
Gapdhs	4604.26
Gstt1	4927.4
Ptprd	9281.31
Top2b	6715.59
Tpp2	9292.68
Gk	8136.64
Sdc3	1599.06
Guk1	2747.38
Gpd2	49921.3
H2ac21	74925.1
H2ac20;Hist2h2aa2	921735.0
Nqo1	1945.53
Srm	14896.7
Ugt8	2882.0
St8sia3	1651.24
Zrsr2-ps1	2176.03
Vcl	8022.96
Gart	11320.7
Ptpmt1	741.439
Rbm12b2	4053.35
Map3k10	949.714
Cbarp	2051.86
Plekhg5	1989.13
Slc13a5	1977.88
Sbno1	2450.89
Grm7	4557.99
Crtc1	9630.14
Rab3ip	2818.15
Grm4	1550.43
Begain	4103.29
Cltc	227643.0
Kiaa1549	4524.38
Atg9a	5146.46
Ripor1	1399.38
Sanbr	1214.1399999999999
Git1	20481.0
Sptbn2	67005.7
Pkp4	8764.65
Galk2	2197.7
Ahcyl2	11033.6
Mars1	11115.7
Elfn2	6533.67
Arhgef11	2967.16
Cntn4	3473.34
Radil	894.173
Brsk2	10282.3
Znf512	4945.95
Cdk13	1350.85
Gpalpp1	7543.93
Gba2	2478.6
Arhgap23	4021.33
Prex1	3184.71
Nlgn2	6248.6
Pnkd	3960.04
Myorg	3228.97
Isy1	717.559
Hectd1	2188.15
Sv2c	16365.8
Hbs1l	1048.28
Kazn	3765.61
Thsd7a	3608.31
Ehbp1	5405.55
Morc2a	2110.23
Ablim3	1201.83
Tmcc1	5021.77
Ltn1	1160.92
Pds5a	1509.11
Swap70	1939.94
N4bp1	760.954
Armcx2	3110.91
Cep170	6625.41
Cdc5l	9056.88
Larp4b	1416.49
FAM120A	6099.41
Rftn1	437.738
Cyp4x1	1763.53
Usp7	14811.5
Sidt1	1960.59
Arhgap21	4909.65
Ncoa7	1671.21
C9orf72	1348.43
Nop58	7399.33
Brinp2	1215.97
Gbf1	2250.65
Fastkd1	25146.8
Nol4l	1669.88
Smarca2	9201.6
Scaf8	2388.1
Pwwp3a	923.0519999999999
Carmil1	788.77
Slc25a23	11421.1
Nomo1	8519.86
Lingo3	1101.95
Kdsr	667.618
Ralgapa1	2738.89
Hecw2	4700.98
Tmem132e	421.945
Arhgap20	709.034
Krt42	11164.4
Krt77	2281.97
Chpf	1374.82
Gpsm1	3264.2
Tpm4	5825.03
Cltb	65409.8
Exoc3	7951.63
Mvb12b	809.893
Nipbl	826.329
Pdcd11	352.138
Dgkb	13720.2
Fbxo41	6563.56
Retreg2	1783.25
Npepl1	1216.75
Sphkap	1127.78
Rragb	2507.3
U2surp	5004.7
Wdr44	5115.76
Pptc7	3085.07
Ocrl	8587.36
Cpsf6	15545.3
Lpcat4	4200.19
Znf532	1301.27
Dpp10	41822.8
Acap3	824.765
Szrd1	704.003
Taf9b	1877.68
Dnajc8	12567.0
Sec23ip	5399.22
Zc3h11a	1757.67
Eif4g1	20273.8
Mtcl3	20128.7
Hdac4	2750.31
Rbm26	2119.34
Skic2	1351.83
Sri	32278.6
Xpnpep1	6463.96
Pianp	14209.0
Ppp2r2a	32121.0
Ankle2	1716.8600000000001
Tnpo3	16951.4
Ppp4r3a	1487.2
Golm2	1639.6
Bckdhb	4884.02
Nudt16	3110.2
Sik3	10723.6
Ints1	2869.35
Atg2a	937.038
Snx19	4628.98
Snrnp200	21399.0
Abcf1	3771.9
Rrp12	3159.94
Smchd1	3605.96
Uggt1	6016.48
Dgkq	5762.87
Slc39a10	7829.43
Ttyh3	34534.2
Xpo1	20472.8
Ubxn7	5225.95
Nwd2	4516.86
Pcnp	4775.78
Snx6	4961.85
Kank4	548.203
Caskin1	10452.6
Nrxn3	10874.6
Fkbp15	750.271
Oxsr1	4901.48
Arhgef18	2477.84
Mtss2	1911.81
Smarcd3	2866.82
Atl2	3664.6
Bcr	13735.9
Prmt8	6591.45
Ahdc1	1814.29
Prkab2	1485.41
Txlna	3275.83
Gapvd1	6873.03
Herc4	2706.53
Ptpn23	6313.43
Lrpprc	14179.4
Ano8	2030.53
Pcdhb14;Pcdhb6	2744.3900000000003
Galnt2	8513.79
Papolg	23618.0
Ints6	2507.13
Ttbk1	1243.34
Mff	11646.7
Ppp2r5a	1940.67
Ip6k1	1570.24
Ankrd13d	3958.41
Pigs	6372.67
Ppp2r5b	8255.0
Rundc3b	2343.63
Smarcc2	10462.2
Mon1a	881.175
Phldb1	2228.55
Ecpas	6657.89
Mindy2	1636.04
Dync1li2	10976.8
Msl1	1001.59
Srsf1	45040.6
Chd4	8515.66
Sarm1	4738.9
Rnf220	2138.76
Ado	5682.22
Snrnp40	10432.6
Prrt3	16420.4
Abhd10	5491.1
Mob4	5060.66
Ctif	742.433
Rrm2b	2365.96
Mapre3	45069.8
Wipf2	5922.51
Pik3c3	3551.45
Dlgap3	13291.7
Nup98	7780.76
Tra2a	20498.4
Bend6	1260.59
Nyap1	4943.31
Naa50	1817.35
Smarca1	996.754
Dhx29	1979.97
Slc6a7	3263.97
Morn4	1463.12
Med16	999.25
Exoc8	4357.77
Gnl3l	1732.46
Bud31	1707.8
Washc2	928.294
Dclk2	9717.11
Erc2	22495.8
Rab35	6871.62
Naa35	3174.21
Pabpc4	3757.13
Snx13	1098.21
Cacna2d2	12872.9
Sort1	4488.56
Camk2d	20124.1
Rbm15b	1630.17
Atp1a3	1011000.0
Atp1a2	203400.0
Nudcd1	969.221
Dmxl1	2156.18
Atp2b4	24741.9
Bnip1	4713.95
Gnas	14004.5
Ppp1r9b	34765.7
Magi1	901.569
Fam120b	2557.09
Uqcc4	1269.39
Krit1	2185.79
N6amt1	3436.06
Vkorc1l1	1312.55
Myh14	9672.55
Sdk2	1681.88
Ranbp10	2633.8
Wdfy3	3232.8
Ntrk3	6148.13
Pcp4l1	16835.7
Dagla	3580.29
Kctd12	14671.0
Slc44a1	9284.92
Tha1	2081.35
Tacc1	4767.26
Gigyf2	1926.81
Sbf1	12059.1
Tiam2	8497.94
Tex2	1307.44
Ube2o	12224.8
Pitpnm2	11346.3
Kcnt1	2070.23
Smpd4	1753.48
Ankib1	1364.99
Kifbp	5503.05
Kdm3b	950.991
Zc3h4	3576.53
Cnot1	7065.25
Efr3b	13666.1
Taok2	2117.0
Cand1	33912.6
Larp1	5850.38
Arhgap26	6052.86
Kdm1a	4001.82
Nup188	2783.33
Mlec	16705.3
Acap2	3857.33
Wdr43	1817.87
Lsm8	17511.5
Rps9	36648.0
Spcs3	794.1669999999999
Ppp2r2b	1334.65
Syne1	5113.35
Rps27	4612.8
Rpl10	3701.48
Rpl35	16640.6
Eif2s1	11382.7
Rps27l	1785.98
Ube2r2	4147.11
Akap9	5368.08
Dpy19l3	1455.43
Tln2	13356.2
Cspg5	34181.9
Kyat3	2537.35
Ppp2r1a	55342.3
Atp5mk	31351.8
Apool	7478.74
Tmed3	387.964
Msrb2	3872.45
Fbxo22	10864.3
Ubfd1	1954.88
Snd1	10856.0
Smim12	1100.39
Vma21	7840.39
Eeig1	544.261
Scoc	2619.91
Nap1l4	12242.6
Mtch1	11001.2
Mtch2	33819.7
Try10	12356.0
Picalm	8365.35
Rtn4rl2	2526.3
Scn4b	1861.51
Opalin	2067.05
Pank2	4065.59
Abhd17b	2348.01
Asap2	62306.1
Cyfip1	8499.52
Fcsk	2742.27
Plppr4	9081.7
Ndufa12	42903.0
Syncrip	8161.17
Tubb2a	428262.0
Wdr91	3606.64
Abcg2	2165.54
Thoc7	345.748
Huwe1	6345.74
Smap2	10607.9
Ppp1r9a	20309.1
Akap7	6742.43
Cpeb4	1851.24
Cpeb3	9253.83
Luc7l2	8727.61
Inpp5a	7185.48
Spag7	2393.64
Doc2a	3317.84
Eml2	5083.33
Ppp2r5d	14939.2
Trim46	9822.88
Igsf21	6387.62
Dek	4734.28
Plppr3	3350.61
Cdsn	2748.82
Ints3	1872.02
Fam185a	1372.28
Robo2	4738.27
Slc7a6os	846.252
Mycbp2	2033.05
Prrc2b	2562.58
Fsd1	6575.56
Actn1	82130.1
C2cd5	2602.72
Dzip3	901.887
Mybbp1a	6561.35
Nexn	3852.36
Lnpk	9549.28
Aptx	620.626
Tppp	46092.6
Fbxo10	1709.3
Amph	65687.7
Plekha6	5051.4
Atxn2l	7133.79
Otub1	99778.6
Ccdc93	2836.27
Prrc2a	5140.76
Stk38l	3079.29
Ctdp1	2014.185
Phkb	4630.34
Ccp110	473.886
Tmem94	874.246
Ppp6r1	3369.17
Map6	85180.8
Sez6	1880.67
Pdpr	4452.3
Ube2q1	4344.42
Pgm2	656.091
Celf4	3869.9
Nacc1	3377.6
Galnt17	1271.38
Elp1	4176.67
Rragd	396.66949999999997
Cdc42bpb	6538.17
Ahcyl1	11840.7
Mib1	1829.25
Prpf38b	9942.42
Gabbr2	16347.5
Klhl29	1418.29
Dcaf5	2013.82
Mtmr12	2462.05
Epg5	2213.66
Vat1l	23285.0
Sipa1l2	641.707
Lrrc7	14678.4
Erbin	2848.37
Gramd1b	2549.48
Cadps	34583.7
Ppm1e	15559.1
Adcy2	2154.54
Phf24	53251.1
Mon2	3960.74
R3hdm2	2160.47
Nisch	3927.49
Zdhhc17	3753.59
Ubr5	1208.33
Cyld	12670.0
Adgrl1	6518.31
Dcaf1	1362.4
Adgrl3	5047.79
Ddn	1403.54
Baiap3	1029.94
Cul9	1744.82
Clasp1	7959.47
Fnbp1	3341.78
Dnajc6	25302.8
Pja2	565.2815
Sgsm2	440.216
Ripor2	2409.135
Daam2	2323.71
Snph	4834.44
Madd	18566.5
Arhgef17	1104.04
Rimbp2	5954.38
Cep170b	8518.82
Avl9	6170.77
Rims3	3143.89
Mfn2	6487.26
Scrib	1365.39
Pum1	3599.29
Usp8	2416.92
Nup214	3833.29
Ube3c	5233.91
Plxna4	5308.32
Septin9	31500.0
Rab3gap1	7727.0
Sestd1	4403.67
Ints2	657.145
Naa15	7846.11
Mogs	4503.23
Dgkz	3742.25
Ankrd13a	509.5965
Slc20a2	4602.38
Pgrmc2	7160.74
Fbxo2	13154.6
Polr2e	677.208
Kcmf1	398.8555
Bpnt2	1373.84
Cpm	1491.37
Dtx3	2313.31
Camsap3	4506.8
Fam98b	24871.0
Tbc1d22b	1917.02
Tdrkh	2608.65
Tecpr1	6751.89
Epn1	12886.0
Asphd2	1499.49
Aldh3b1	6290.48
Ppp1r10	1008.13
Tmcc2	1349.96
Prpf40b	2838.6
Gstm7	756.01
Thnsl2	980.076
Wipi2	10447.8
Ntaq1	1353.91
Agfg2	5120.84
Lrrc8a	3129.66
Mtdh	15984.5
Hapln4	8790.5
Hapln3	4860.61
Vac14	5394.41
Fbll1	17160.4
Jph4	1930.49
Aftph	964.56
Chst2	7959.76
Ddrgk1	5096.87
Vrk1	2963.58
Ubap2l	6082.18
Tmem106b	1871.22
Pelo	1438.84
C2cd2l	10741.2
Sympk	1887.56
Mrps7	1572.93
Flnb	2291.27
Rraga	6317.42
Dhx38	543.071
Reps2	2371.24
Trmt61a	2009.98
Lrrtm4	2734.41
Eif4g3	5526.38
Pip4k2b	8773.12
Atg2b	3762.66
Bdh1	17820.4
Wnk3	910.063
Tbc1d5	1707.06
Atp2c1	2869.48
Nucks1	4819.69
Lrfn4	3843.16
Glrx5	4914.47
Llgl1	6254.79
Prickle2	4530.06
Bsdc1	723.404
Rbsn	2156.19
Elac2	962.705
Dixdc1	452.73
Ddhd2	4065.54
Ddhd1	3516.89
Dpp8	2468.83
Cnksr2	5334.21
Supv3l1	5763.79
Sergef	1228.51
Arhgap33	4034.1
Bcas1	19888.9
Med23	1555.39
Znf598	451.022
Safb2	3365.28
Pde4dip	1485.12
Zc3hc1	1744.43
Trrap	2864.9
Pank4	2558.7
Tnc	3234.21
Astn2	7121.47
Negr1	39583.7
Shank2	6352.08
Amigo1	2448.81
Adgrb3	6437.01
Lrsam1	5717.6
Rap2a	2351.48
Zer1	3668.6
Snx32	2082.91
Gtf2a2	2619.98
Mrps26	9675.27
Arl5a	1473.98
Them6	12313.0
Sec24b	5221.1
Ddx42	8142.88
Ankfy1	3332.77
Slitrk5	2770.76
Slitrk1	2012.23
Zfyve1	1997.9
Nfasc	56538.8
Nrcam	13061.5
Ccdc50	1703.41
Dlg1	20515.6
Bbs9	5139.47
Atpaf1	10119.0
Arhgap32	7276.41
Ubp1	1392.7
Mfn1	1481.18
Srgap3	7767.36
Cpeb2	1335.95
Pdk1	7408.73
Wdr82	2060.42
Slc49a4	959.385
Gatd1	6028.18
Gns	1439.86
Tufm	88469.9
Cpped1	2817.53
Svop	4904.66
Rnf214	6054.71
Pcid2	928.442
Entpd3	1733.41
Pef1	7361.56
Tnpo1	3787.16
Plppr1	4413.3
Actbl2	205304.0
Erlin2	14673.0
Ppp2r2c	2024.72
Hnrnpa3	101167.0
Ctdspl2	544.419
Necab1	5231.2
Nelfa	5591.04
Psmd11	10189.1
Sv2b	35069.8
Katnb1	3431.89
Rhot1	15857.2
Efr3a	2781.95
Sh3bgrl2	10402.4
Poldip3	5355.83
Clvs2	938.435
Commd7	3678.08
Ppp1r12b	3245.99
Lrrtm2	4402.21
Krr1	4012.43
Limd2	1303.3
Enoph1	7099.13
Htatsf1	5425.93
Ptgr3	34937.5
Cpt1c	2386.86
Coa6	258.078
Eif4b	14333.0
AW551984	2578.2
Dnaaf10	1254.36
Elmod2	2653.74
Slc25a44	3179.08
Samm50	33664.3
Reep1	3300.61
Slc35f1	754.223
Enpp6	28478.0
Vipas39	5434.59
Aars1	28791.9
Lrrc8d	1067.77
Arl15	4554.17
Gskip	1936.03
Ublcp1	5056.2
Bola2	10462.2
Flrt3	442.028
Gpt2	1363.58
Micall1	297.257
Smndc1	1217.36
Phyhipl	15757.3
Ccny	1333.53
Nars2	2497.61
Mief1	1519.9
Fto	3555.73
Timm29	8017.7
Lrtm2	1109.06
Klhl26	1160.34
Slc5a7	1662.56
Hpcal4	19980.2
Cdc23	5758.08
Pck2	9364.48
Cnot10	1900.32
Tm9sf4	4805.94
Coro2b	16356.7
Ark2n	2742.09
Thnsl1	6141.67
Wdr48	12326.9
Tiprl	7495.72
Slc25a12	105302.0
Gopc	2697.79
Ehd2	1551.385
Atl1	29745.3
Sephs1	5536.5
Nup107	3976.99
Ano10	868.481
Napepld	1095.23
Dglucy	2195.78
Echs1	7370.29
Rab39b	3542.19
Dcakd	4341.99
Ptbp3	1548.84
Atcay	13918.3
Maip1	2713.07
Pgs1	4151.94
Nrdc	2663.05
Czib	1811.48
Cggbp1	2520.7
Rab9b	3154.85
Tbl1xr1	5632.55
Slu7	1490.71
Nipa1	3364.19
Scn3b	1098.26
Tbc1d10b	18599.5
Elmo2	7006.61
Psmf1	2366.14
Ppm1l	2024.75
Ganab	16948.0
Cstpp1	1211.16
Rbm22	2443.05
Armcx3	3178.58
Sybu	935.932
Oscp1	2817.26
Noc4l	940.177
Snx14	794.4745
Cyria	7571.07
Mal2	63391.7
Cdkn2aip	19219.1
Mia3	6150.81
Cd99l2	2419.65
Rbfox3	4794.66
Comtd1	8306.4
Iars2	8983.46
Rufy1	1067.07
Dock9	3303.67
Hook1	1639.33
Cstf2	6806.52
Ranbp6	286.747
Prune1	9282.75
Anks1b	21730.8
Zc3h14	1553.67
Dlgap2	11333.3
Nup93	14611.8
Hmbox1	727.101
Itih5	1566.68
Chmp2b	3739.0
Zc2hc1a	14390.0
Slc6a17	15315.5
Smarcal1	3474.52
Sun2	2894.32
Sgta	13018.8
Eif2a	2716.73
Psmd5	14949.7
Mrps35	773.925
Miga2	2248.91
Tmem11	11928.0
Fbxo44	1038.3785
Ndufv3	2281.02
Csnk1a1	3929.41
Ahsa1	21782.0
Rcc2	20996.9
Mrps27	2207.13
Elp6	1237.35
Ipo5	5761.67
Pi4kb	642.709
Ptk7	1029.6625
Ppp1r37	681.86
Thoc5	1674.71
Baiap2	49108.7
Smg1	1478.99
Mterf2	2248.86
Pdhx	25514.8
Slc25a29	1038.81
Ablim2	4288.27
Eea1	5197.53
Arhgap22	198767.0
Mblac2	470.4045
Srsf7	51475.9
Dop1a	186.838
Slc17a6	2651.7
Nceh1	11102.6
Plcxd3	4384.65
Lsamp	80696.8
Cadm2	30247.0
Cpne4	7410.78
Sowaha	486.557
Flrt2	602.489
Slc9a7	5781.56
Tars3	8686.49
Lrfn3	2393.38
Olfm2	1788.49
Prpf18	993.63
Tmem214	412.39250000000004
Nyap2	654.159
Hspa13	4650.05
Tbck	881.582
Srp68	5830.64
Slc25a24	2763.1
Me3	22549.7
Dlat	45304.4
Rab3gap2	4989.95
Gga3	3147.43
Lars1	6294.45
Ckap4	5577.59
Qars1	4171.42
Acbd3	4784.33
Gtf3c4	2222.98
Mon1b	4896.51
Hadha	14035.9
Coq3	2623.96
Larp6	2741.83
Tcaf1	1584.97
Neto2	4710.42
Spata2l	19184.2
Armc6	5161.03
Trmt2a	1780.76
Kbtbd11	7526.66
Ncs1	12478.5
Iqcb1	1614.96
Sfr1	948.56
Acp6	9095.31
Nars1	19404.5
Rpl24	5931.31
Rbfox2	4982.78
Rcn2	2266.18
Mob1a;Mob1b	3506.89
Tmem177	2201.43
Daam1	3017.8
Dmxl2	36900.6
Sgsm1	12156.2
Elmo1	2153.64
Heatr3	1582.39
Rgs7bp	1486.79
Eeig2	443.7045
Ralgapb	3665.27
Bicd1	1988.2
Fam177a1	5439.21
Suds3	1988.06
Kirrel3	3319.67
Rimoc1	14471.2
Scfd1	1877.58
Tmem209	2355.32
Prkaa2	4638.83
Man2a2	2266.42
Cc2d1b	1637.4
Clasp2	12932.2
Slc18a2	2976.22
Ift56	933.55
Gpr89	1122.67
Pisd	1313.29
Rps6kb1	572.468
Arf2	49397.9
Pbrm1	2988.92
Ppfia2	6655.68
Ap3s2	2801.71
Cpne3	2261.33
Ralyl	2544.39
Tcp11l1	2961.63
Ndrg4	16277.8
Csnk1g1	4967.04
Srrm2	16751.4
Pik3cb	848.757
Enpp4	1898.51
Flna	3956.8
Dusp28	1952.95
Nup54	4984.43
Cfap20	3872.58
Tusc3	7709.73
Cpsf7	14079.3
Exosc6	1763.23
Hsdl1	4423.83
Slc4a7	3965.81
Scfd2	1810.29
Anapc5	2164.21
Gmppb	2746.81
Pwp2	2191.76
Tox4	718.156
Iars1	6767.38
Rap2c	1080.52
Aifm2	723.944
Senp7	2117.85
Hook3	6056.04
Plekha1	1482.03
Slc24a2	3717.16
Dock1	1518.18
Mzt1	879.406
Gphn	32082.8
Gpr107	1618.71
Timmdc1	2092.06
Gprasp2	1583.61
Cops7b	931.683
Ldah	2608.35
Atp6v1h	48127.8
Pdcl3	1723.56
Dpp9	1217.8
Nat14	2468.75
Qdpr	57067.1
Stx16	3429.69
Snx17	2857.41
Jakmip1	3003.51
Ppme1	9214.41
Nudt9	3053.36
Il33	3134.43
Nob1	1851.92
Ss18l1	2586.9
Pomgnt2	7563.49
Maob	30400.5
Camk1d	16220.1
Cdk19	2467.37
Aldh5a1	27401.9
Arrb1	4592.11
Ptges2	7987.41
B4gat1	1174.97
Vps35l	2622.04
Pithd1	7755.68
Gprin3	9789.4
Acaa2	15809.8
Dip2a	6756.2
Osgep	2179.4049999999997
Etf1	9377.14
Naa25	1471.57
Rbbp5	2255.85
Pgam5	7733.78
Gemin5	2903.97
Vps13c	3574.35
Engase	1979.55
Osbpl2	1526.78
Clptm1l	2623.8
Commd2	1202.29
Trerf1	2296.04
Agap1	4457.77
Ppm1k	2378.46
Pigt	7289.38
Slc7a14	3223.62
Osbpl6	1597.88
Rgs8	9995.15
Bri3bp	2030.47
Tmx3	11415.4
Usp47	2035.12
Slc44a2	6519.71
Tbcd	3758.69
Poglut1	2782.2
Taok3	8881.45
Tbc1d17	5763.45
Lpcat2	420.45
Fam234b	4587.83
Tnr	184618.0
Rdh12	4020.04
Ythdf3	2495.9
Zc3h6	1563.66
Yars2	2033.36
Nlgn3	17306.5
Cars2	3308.59
Itpk1	3590.49
Fsd1l	3065.83
Rhof	1322.635
Cadps2	6259.94
Arhgap25	2804.41
Eogt	477.047
Ttc39b	2747.29
Lrrtm3	1193.13
Zmat4	1266.88
Dnm3	21236.1
Tmem266	670.4175
Pogz	2863.84
Dcun1d2	1446.79
Glmn	1172.52
Dock10	1694.28
Anapc2	1534.49
Ncbp3	1120.55
Nhlrc2	2763.75
Srek1	2876.29
Wwp1	2359.76
Dzank1	7080.13
Pak5	3635.75
Rps6ka5	7551.84
Map1s	12609.0
Camkk2	7350.45
Snx16	3962.22
Taf5	1181.0
Farsa	12301.5
Efl1	5476.52
Cep68	767.794
Vps26b	14721.6
Agps	821.75
Atg16l1	5724.05
Slc25a16	1991.8600000000001
Tmx4	19159.3
Paox	1088.52
Cog5	1503.71
Gpcpd1	2057.28
Asrgl1	28106.6
Coro2a	1924.82
Rapgef5	2924.65
Sipa1l1	7568.49
Ppp4r4	3713.38
Fam234a	2781.35
Lnpep	2976.22
Slc39a6	4437.41
Exog	7004.46
Cpne1	8910.73
Prepl	6297.38
Myo9a	1425.65
Frs2	1701.31
Mbnl2	2091.25
Vps9d1	3759.55
Thop1	14280.2
Camsap2	4713.76
Septin11	45708.2
Iws1	1991.13
Znf428	2037.02
Ccz1	1516.1
Washc5	1369.21
Rbm14	35286.4
Suco	4384.33
Fam120c	4650.28
Mettl3	1907.27
Shisa7	19671.7
	4273.1
Ccdc90b	1598.34
Yipf4	2212.22
Gpr158	19897.8
Pex5l	9803.28
Adgra1	2629.31
Tbl3	1397.6
Aida	3549.54
Csnk1g3	1588.69
Nelfb	2163.26
Endod1	7906.94
Mb21d2	1937.19
Heatr5b	1407.23
Lmbrd2	1287.37
Rae1	5887.86
Nadk2	4416.58
Cnot2	1605.34
Cwc22	1201.25
Tdrp	3584.28
Grsf1	2527.65
Clmn	5069.62
Tbcel	1960.84
Septin10	843.688
Peli1	1313.075
Tmt1a	190.15
Rtkn	726.882
Cfap36	3866.59
Wdr26	2503.85
Hycc2	6588.02
Fam110b	2215.54
Vps52	5737.74
Crbn	2300.53
Mmaa	2784.2
Pcyox1l	9795.45
Trim9	9383.3
Rbm4	800.479
Uba6	2329.51
Emc1	3894.13
Myef2	32282.4
Itch	1144.21
Uba3	5029.42
Scai	13318.1
Ank2	59928.7
Elfn1	1383.17
Tmem163	6615.22
Dido1	1232.07
Strip2	5959.05
Epc1	726.637
Shisa4	5408.35
Pde10a	20045.2
Pgm2l1	35975.6
Castor2	1996.59
Podxl2	3403.96
Iba57	1613.0
Shfl	7933.03
Gpc5	1999.215
Immt	64040.8
Acat2	15910.5
Gramd4	190.752
Lrp11	729.285
Eloa	897.484
Rab44	1202.02
Cnst	3634.73
Wdr37	10513.1
Rnf170	1405.43
Abi1	17157.6
Dctn4	7345.52
Ttc19	2778.33
Cacnb2	491.672
Synpo	25087.2
Vwa8	4941.32
Dcun1d4	1433.02
Vps53	4963.01
Prpf31	6730.69
Rybp	685.913
Ufl1	3210.65
Amer2	5977.98
Phf20l1	3164.12
Macroh2a2	27795.9
Bcas3	8932.23
Nemf	1687.39
Pabpn1	7974.98
Tceal5	26018.1
Krt222	906.765
Riox2	1514.41
Lancl3	1421.88
Inpp5f	2285.5
Vcpip1	5611.66
Fhip2a	3674.31
Txnl1	16790.3
Snx30	6212.99
Map2k7	2712.96
Nup88	4974.32
Nkiras1	5011.87
Ppwd1	596.595
Rdh13	1114.09
Naa30	1599.62
Lamtor4	29728.8
Tab1	3288.32
Galnt13	3284.72
Hpf1	2322.32
Scyl2	3540.03
Nedd4l	10344.3
Pars2	2217.12
Polr2b	7249.06
Wdr24	2551.95
Mef2c	1354.96
Aqr	2174.1
Pcdh1	22635.7
Adprs	2083.63
Akr7a2	4419.09
Ppm1f	8643.37
Lsm14b	2409.83
Eprs1	6404.98
Rgs12	15281.9
Wdr47	7267.92
Tcerg1	9898.61
Lonp1	31700.7
Gnal	12754.1
Adgrb2	5444.46
Slc24a4	3072.28
Calcoco1	4802.32
Tph2	2200.64
Ogt	15324.6
Cherp	6587.76
Sugp1	827.104
Sugp2	5746.42
Ccar1	7427.08
Sltm	6085.36
Trim32	6238.6
Nav1	2189.52
Synj1	64182.6
Gcc2	3621.63
Arel1	579.709
Rapgef2	3980.31
Septin8	43757.5
Ep400	2805.68
Mboat7	3158.93
Pym1	5299.38
Pgp	29702.1
Vps37a	746.041
Aldh4a1	7523.0
Ngef	17993.9
Ints5	2358.32
Epn2	7022.65
Eif2b5	5185.25
Rftn2	3140.98
Flywch1	2903.56
Slain2	944.245
Gnl3	757.51
Bag5	4326.8
Cwf19l1	2185.53
Pdlim5	1338.35
Bag4	3719.81
Vps50	2654.88
Dis3l2	2669.29
Rmnd1	1860.21
Pygb	70535.4
Clip4	1275.56
Fermt2	4865.37
Tmem230	2813.41
Zmiz2	2095.18
Copa	13656.7
Prmt5	1932.53
Ppat	2403.96
Ints4	1914.83
Pak2	3672.95
Celf3	11456.4
Mark4	7361.91
Dock3	12372.3
Tbce	2299.79
Mical3	5446.25
Crocc	18406.8
Cmtm4	12264.2
Stau2	497.242
Ahctf1	3547.7
Ago2	9863.61
Ago1	5587.06
Plxnb1	6136.22
Iglon5	5426.69
Hmgcs1	3799.74
Cdc73	2211.88
Acad9	20551.7
Rhot2	4839.32
Syn3	3852.53
Gas2l1	1595.38
Afg3l2	22780.7
Eif3b	5487.38
Acsl5	3013.98
Slc4a8	2305.12
Lin7a	76566.4
Slc25a1	16617.6
Amdhd2	472.924
Cpne5	18376.9
Sh2d5	3453.7
Pnma3	1457.46
Rbm17	2112.42
Commd10	773.956
Adgrl2	2264.68
Tma7	6084.53
Oplah	4530.1
Fnbp1l	2698.34
Bclaf1	21299.5
Scamp1	12801.0
Samd14	2642.59
Trhde	4957.06
Ipo13	1219.2
Cyp51a1	1774.17
Gmds	3798.13
Cdk17	5220.66
Gfm1	6946.48
Get1	2715.35
Tbc1d23	5099.28
Eipr1	11232.6
Zbtb20	561.365
Meak7	1299.35
Phyhip	49098.3
Rtn4rl1	2476.29
Rtn1	15328.1
Katnal1	2762.3
Unc13c	370.844
Hspa12a	46339.1
Fez1	1298.09
Taco1	3530.72
Pms1	5793.31
Kiaa0319l	3711.88
Scnm1	722.8679999999999
Galm	860.193
Pdxk	55951.4
Snrnp27	2658.73
Cc2d1a	5303.1
Fermt3	4602.04
Angel2	2298.77
Trnt1	8381.92
Dnm1l	42379.3
Pnpla8	6890.76
Pnpt1	1822.46
Nek9	1709.53
Lgi4	900.692
Unc5a	2056.41
Wdr11	3015.77
Coq9	17107.0
Pop1	1846.99
Adgrg1	1555.43
Pacs1	21903.5
Lyrm4	8820.86
Arfip2	4317.75
Nat10	2738.03
Uvrag	1478.51
Abcf3	4949.74
Mmgt1	5185.56
Fn3krp	2478.52
Gtf3c1	3204.36
Fcho1	1289.14
Mtmr3;Mtmr4	1414.09
Anln	7545.85
Sdha	30635.9
Sirt5	1785.29
Os9	2261.42
Hacd3	13960.8
Edc3	1356.57
Brd3	1544.66
Lsm14a	1192.52
Bbs7	1220.42
Otud6b	8323.76
Fntb	1454.97
Agfg1	15541.4
Trappc12	4380.04
Mrpl38	2006.19
Commd9	2741.03
Brox	2052.49
Shtn1	1988.32
Nmral1	10513.1
Paf1	19639.3
Mrpl47	1772.74
Ccm2	3600.79
Prpf39	1261.55
Matr3	73367.4
Champ1	4677.05
Ssh3	1905.52
Atat1	5438.38
Cystm1	5503.99
Cbr3	32484.1
Pigu	1593.85
Ddx18	833.63
Acad10	4035.36
Lrrtm1	4600.15
Dennd1a	7174.31
Rab15	10313.6
Plcl2	9267.75
Hscb	1701.98
Mepce	3675.59
Fbxo45	1054.13
Lzic	2187.81
Swi5	3831.13
Ahi1	4777.82
Vrk3	816.582
Appl2	3349.76
Appl1	18196.2
Myrip	947.757
Glcci1	1757.18
Ndufs8	24783.2
Optn	91.1242
Babam2	1754.12
Irf2bpl	5531.77
Pom121	1803.64
Stxbp5	12164.2
Lgi3	7250.39
Pitrm1	3961.87
Abca5	1175.47
Mta1	5270.97
Abhd11	7687.44
Ablim1	3900.55
Vmn1r66	5174.28
Arhgef6	979.483
Mrtfa	1066.61
Commd1	1814.56
Wdr33	1307.87
Hecw1	2396.76
Rptor	4333.9
Pitpnc1	3642.7
Plce1	5645.29
Agpat4	6179.83
Lgi2	2166.85
Naxe	10824.4
Sf3a1	9407.17
Slc8a2	67294.5
Mcfd2	1336.4
Tat	29534.4
Gpt	4155.56
Hibch	8336.83
Acat1	44872.9
Ccsap	7989.96
Stk32c	5787.98
IntS13	2146.47
Eif3l	10262.4
Sf3b4	5683.71
Mapre2	24690.5
Aimp2	9277.72
Blmh	8517.63
Mrpl58	1659.95
Gspt1	10271.9
Gale	406.8845
C1qtnf4	2551.17
Itpka	9050.6
Hnrnpl	181605.0
Suox	517.5175
	826.637
Gtf2f2	2820.88
Kiaa0513	12862.9
Rbmx2	440.13
Ilkap	3222.57
Fahd1	4142.69
Nup133	2413.96
Gga1	5492.28
Vps37b	730.54
Aamdc	6470.15
Iqsec1	37024.8
Cacnb4	8564.03
Eppk1	2441.5
Aldh1l1	10460.7
Slc25a42	3413.79
Sirt3	2609.17
Vps37c	766.5195
Flad1	7772.95
Klhl36	1084.07
Sccpdh	15434.6
Apeh	3559.2
Znfx1	2226.71
Bphl	13669.9
Ero1a	2478.02
Syngr3	37892.8
Dock7	2765.05
Eif3c	9710.33
Cplx3	3058.71
Niban2	1711.33
Hid1	4155.96
Cmbl	4009.66
Uqcr10	1438.97
Grp	376.135
Ubac2	5225.18
Znf830	323.071
Nudcd3	8101.3
Dync1li1	9791.61
Coq6	4462.84
Chmp7	4080.27
Tmed4	7316.81
Spart	979.163
Bmerb1	2128.48
Phospho1	7208.71
Fuom	3290.71
Dnttip2	3696.28
Gfm2	1608.73
Mtg1	890.471
Ap3m2	12530.5
Gtf3c5	581.543
Seh1l	2991.05
Abhd6	2491.36
Mcam	1801.13
Ptrh2	3598.15
Vwa1	2491.09
Vps18	4356.47
Exoc6	1672.96
Ubqln1	2804.93
Gle1	1427.61
Pspc1	33235.6
Nup58	1581.59
Cdc16	6246.83
Rab11fip5	3373.53
Igsf8	52741.0
Commd5	3483.3
Plcd1	2829.39
Brd8	763.812
Mcmbp	1582.22
Tbc1d13	635.018
Mcat	3146.41
Ppp1r8	2790.85
Hs2st1	2430.66
Ttc4	2298.18
Mboat2	1152.46
Cog6	1898.56
Tcf25	721.242
Thoc1	2747.35
Aspa	11075.0
Saraf	2180.145
Ppp6r2	3890.15
Gabarap;Gabarapl1	776.983
Exoc1	4362.03
Stxbp6	671.615
Plaat3	3812.42
Sh3glb2	36417.8
Cacnb1	14507.6
Micos13	14276.7
Hexim1	2092.49
Abca3	1631.25
Cadm4	26004.1
Nup85	1917.06
Rufy2	3469.37
Purg	2472.71
Ntng2	2827.67
Ntng1	2681.52
Arhgef12	3138.12
Neto1	1827.19
Clybl	4358.04
Nup35	3578.88
Mypop	714.006
Luzp1	2243.84
Dusp15	1943.14
Rbm12	4379.3
Lrrc8c	1447.87
Mib2	2038.39
Sh3kbp1	5388.59
Otud7a	946.582
Crtac1	7855.66
Snap47	9707.83
Prpsap2	7526.11
Tbc1d22a	2566.53
Actr1b	23682.9
Usp15	5126.97
Wasf1	18381.4
Arl6ip5	20534.6
Nol6	975.092
Vps39	2034.18
Cadm1	20564.9
Tmx1	8226.93
Aspscr1	3837.78
Exosc2	319.307
Cops8	10912.4
Nae1	2695.34
Mpdz	2921.06
Camkk1	4703.05
Clptm1	4678.33
Tkfc	1709.17
Ccdc9	2229.58
Rmc1	1737.91
Kctd5	1378.83
Nrm	3458.22
Gca	3738.09
Scrn2	1213.6
Ndc1	642.061
Ces1	2170.91
Spon1	7026.72
Med17	143.387
Reep2	6103.87
Nt5m	6125.69
Mavs	416.008
Rabepk	2057.87
Ubxn4	1169.01
Pex19	5917.06
Tubg2	9027.12
Sco2	2302.79
Ncln	9100.38
Tbcc	3771.62
Abhd14b	6117.91
Fam20b	1925.77
Rnpep	20306.3
Acsf2	8076.8
Micu1	3258.75
Kptn	1490.34
Plppr2	5592.37
Sgsm3	1634.6
Gripap1	9141.88
Znf385a	2256.67
Zcchc18	1576.72
Tmem143	1101.45
Sgtb	7247.8
Sgip1	35509.3
Sft2d2	1741.27
Bles03	6616.07
Tspyl4	1334.51
Pik3r4	2124.77
Abhd4	1937.19
Hip1	2509.22
Lars2	5023.9
Myh9	15656.7
Washc1	7565.68
Phip	2061.53
Parn	1400.27
Fbxo21	903.397
Ubac1	2042.53
Hdlbp	13486.0
Nit1	6012.01
Psmd2	12673.1
Hnrnpul1	6098.15
Atp1a1	331017.0
Ccdc92	2776.25
Steep1	2135.32
Mical1	1446.925
Ccar2	44002.3
Cdipt	5187.38
Sirt2	40514.2
Rprd1a	3992.2
Stx18	1408.57
Gpsm2	1878.95
Snrk	2026.22
Ddx39a	2066.23
Zdhhc5	2145.09
Ttc39c	2186.43
Mtmr6	776.122
Smg8	715.864
Mios	3222.33
Mrps23	4245.11
Gdap1l1	23623.8
Rcc1	9830.67
Oxnad1	1388.44
Ankrd49	992.812
Uba5	6565.27
Ogfrl1	1008.65
Paip1	4108.29
Pdcd10	10714.5
Thoc3	1264.7350000000001
Prelid3a	749.196
Fam114a2	805.366
Retreg1	206.877
Rbm4b	3878.44
	1471.38
Slc35f6	1158.78
Srsf4	22960.5
Ccdc115	2870.18
Elac1	698.7435
Krt79	3440.45
Lgalsl	11242.3
Rpa1	2174.93
Gramd1a	1133.34
Exd2	1117.38
Ciz1	2019.5
Arl8a	22890.2
Epm2aip1	15131.2
Erlec1	2320.5
Vps4a	11283.7
Tmem30a	7943.17
Hnrnpu	96622.4
Rem2	2359.14
Slc25a3	58534.9
Rbm39	7281.87
Sec63	868.826
Agap3	16574.4
Adcy3	2046.57
Pofut2	669.705
Wasf3	3615.28
Mark1	6916.49
Dhx36	2732.04
Setd7	13895.3
Hnrnpr	55658.1
Nudt16l1	4427.71
Ppp1r16b	1643.03
Rab40c	692.637
Acot11	4089.41
Gatad2b	5551.89
Cacng8	1323.16
Cspg4	2341.99
Imp4	3218.8700000000003
Sorcs3	827.546
Pcnx3	1061.18
Mob2	1840.05
Ipo4	4941.51
Sfpq	106814.0
Irgq	8292.65
Ciapin1	5162.77
	2052.89
Plcb4	2102.21
Wdr13	6276.82
Acot7	38578.3
Slc12a5	55762.6
Abca7	1502.32
Nrbp2	6240.78
Rab14	231206.0
Chn1	938.301
Sfxn3	80687.6
Isoc1	7097.85
	3439.6
Rbm42	3870.69
Acly	22644.4
Poldip2	5046.24
Idh3b	32890.4
Eif4a3	20618.5
Ghitm	6209.66
Ndufs1	111778.0
Slc27a4	8648.19
Nifk	1102.42
Hnmt	4278.21
Snx9	1106.43
Memo1	5680.54
Rnh1	15692.5
Pqbp1	4288.53
Bzw2	2153.64
Itm2c	11889.6
Terf2ip	2124.95
Wdr45	2048.06
Rbmxl1	19500.5
Ppa2	15006.8
Chchd6	3802.09
Ddx41	1927.12
Atp5f1c	145749.0
Ddx1	25711.4
Map1lc3a	15344.6
Brk1	12614.7
Cbr4	7987.78
Fam3c	1855.04
Dcaf11	2668.46
Pus7	1227.88
Ptov1	488.752
Sh3bgrl3	29854.8
Golga4	2993.13
Ubap2	1779.46
Smap1	13679.0
Ncoa5	13518.0
Gldc	3015.33
Csde1	9671.19
Tmem19	4780.47
Golga7	3278.34
Fbxl15	1832.99
Epn3	5387.95
Vps11	23162.1
Man2c1	4690.02
Txndc5	7162.31
Anapc4	3492.66
Hkdc1	3564.61
Slc15a4	2813.32
Hdac11	5233.87
Sharpin	1187.54
Plpp7	1146.77
Setd3	3848.47
Acsl6	19638.2
Ndufs2	42847.1
Snx15	4001.38
Psme3ip1	2923.93
Rpp25	1101.58
Fig4	492.88
Rabep2	2539.39
Elp2	3606.4
Prkag2	3461.68
Dgkg	2938.71
Gne	663.332
Fubp1	37806.9
Lrrfip2	4098.71
Spryd4	3377.9
Eif3h	13889.2
Wwox	11077.3
Strbp	3248.53
Rrp9	1836.32
Eva1a	2745.54
Dnajc9	4175.65
Yars1	12581.4
Taf5l	1000.46
Ascc2	3048.11
Cisd1	21039.6
As3mt	2048.45
Dr1	3425.43
Ash2l	5879.3
S1pr5	3138.75
Zfand2b	1829.02
Erlin1	2257.41
Rabif	9292.16
Ncald	21499.2
Vps36	8042.28
Creld1	6696.65
Pnpo	8749.58
Dus3l	5874.01
Uxs1	1132.42
Osbpl1a	4933.0
Dlg2	61258.0
Dnah8	6966.88
Wrnip1	4380.37
Pip4k2c	23868.6
Basp1	291546.0
Pcdhgc5	2638.04
Pcdhgc3	5733.25
Pcdhgb6	921.285
Pcdhga6	27843.8
Pcdhga4	2434.48
Mapk8	799.682
Wasl	49054.8
Egln1	1393.01
Ipo9	3132.06
Rbm5	3332.58
Atl3	3125.98
Asl	5053.77
Snx4	7003.45
Thyn1	3656.38
Mtif2	3723.13
Lrrc49	1627.1
Rnf126	7410.21
Uckl1	5795.56
Arhgap35	3647.0
Tbrg4	2646.31
Uap1	1342.62
Bag2	2771.87
L2hgdh	8298.73
Nln	4126.46
Csdc2	1138.9
Rpn1	17968.2
Twf1	4200.08
Mettl13	1346.295
Prpf6	5295.79
Camk1	2602.32
Ndufv1	67459.0
Dnajc3	5021.27
Lpgat1	4064.73
Atpaf2	1199.32
Ptbp2	15635.6
Ttc1	6523.59
Fyttd1	2872.82
Grhpr	14414.9
Diras1	14917.8
Srgap2	4317.84
Srgap1	901.158
B3galt6	1725.17
Pcca	14395.9
Abhd3	2746.21
Ugp2	11595.7
Sh2b1	4482.07
Necab2	15305.5
Rab4b	6367.75
Snx18	2193.03
Adarb1	1437.87
Dst	6327.59
Mia2	3089.49
Smarca5	5981.21
Lrp1	15622.7
Sncb	8163.2
Supt16h	11196.2
Fdps	6136.08
Wdr7	20019.1
Fads1	2049.26
Coro6	793.077
Syt17	3263.96
Hlcs	2043.72
Syt12	10079.7
Brinp1	3396.32
Ak5	19158.2
Vps16	5915.53
Msi2	3687.26
Als2	3156.07
Gjc3	2209.91
Rab31	1071.8
Tardbp	34533.1
Hnrnpll	9446.39
Etfdh	22800.0
Tubgcp2	2136.86
Acaa1a	3633.12
Coa7	3740.64
Tf	4646.49
Exosc4	1124.06
Rheb	12745.5
Tmco1	2405.73
Cog2	999.72
Sf3b3	12522.4
Golga2	8815.66
Cyrib	40996.8
Tmem70	2452.4
Rin1	7433.93
Mrpl37	2852.22
Tor1aip1	298.54
Chmp1a	6715.45
Cryzl1	5345.14
Macrod1	2498.45
Dars1	13436.2
Ppp6r3	2369.84
Mthfd1	10790.4
Pcyt2	7933.26
Fam76a	1114.69
Pdk3	8738.29
Gmppa	4165.41
Znf330	375.626
Clip1	4977.67
Far1	875.186
Nop2	873.922
Nelfcd	1790.98
Kctd10	1040.65
	304.611
Tmem132a	2272.54
Glyr1	8283.33
Mtarc2	16626.4
Pycr2	5205.62
Lrrc59	6422.25
Chid1	7186.65
Phaf1	834.405
Pdia6	11512.5
Pde2a	15619.8
Prpf3	4058.7
Krt5	28824.4
Plrg1	5424.1
Ubxn1	1787.99
Blvrb	3318.25
Sf3b5	1456.55
Wbp11	6376.29
Polr2h	2324.35
Csmd1	1728.57
Rab30	1158.59
Camk2g	18933.4
Mto1	2215.92
Cic	2245.62
Xpo5	6407.21
Rtn4ip1	2992.34
Wac	2485.18
Mta3	2791.07
Letmd1	1097.44
Mpi	6456.33
Slc12a6	3867.79
Spred2	2131.81
Mrps2	1527.69
Xrcc4	1816.57
Rnf31	3446.9
Xpo6	1928.35
Ppp2r2d	6574.07
Atad3	7804.45
Sfxn5	22755.9
Grip1	1360.92
Taldo1	38768.3
Rnf112	1356.66
Hnrnpab	48589.3
Myo5a	35308.0
Sec14l2	5755.34
Wdr77	3040.98
Thumpd1	15151.5
Mlycd	4998.21
Nrbp1	2410.74
Dhrs7b	2542.18
Derl1	2686.86
Rfc4	1036.1
Nans	1666.79
Def8	873.66
Atg5	1699.23
Nptxr	11816.7
Cdk9	2458.78
Mpst	14389.6
Stoml2	4413.92
Pacsin3	1686.82
Psip1	37042.3
Gpr37l1	7451.65
Clstn3	1364.21
Kdelr1	827.203
Psmd6	16224.3
Rap1b	5301.36
Klhl22	1438.75
Map4k3	2058.21
Cdc26	3702.27
Ggt7	6308.48
Sfxn1	12770.0
Tinagl1	5650.16
Nmnat3	2869.86
Gatb	1607.03
Abhd17a	2753.66
Acy1	3498.73
Lims1	2291.45
Gorasp2	16226.3
Eif3m	423.463
Nxf1	3695.14
Hadhb	16957.3
Plpp3	12593.2
Actr3	28979.6
Pdxdc1	3141.25
Nlgn1	13118.8
Ufsp2	1797.4
Arfgap2	2913.27
Eps8l2	930.745
Usp11	8267.86
Nono	20154.4
Pls3	29466.3
Rragc	5314.12
Med24	430.855
Psat1	16726.6
Rtf2	994.343
Hagh	7047.55
Vwa5a	9579.21
Me2	5180.94
Tmed9	22354.5
Rbm10	6251.06
Stk24	4456.63
Aco2	344919.0
Emc3	1216.77
Dctn2	13174.5
Cmas	39385.0
Dpp3	7475.81
Hars2	1759.86
Rab28	2192.13
Ciao1	1224.08
Clint1	9685.06
Cryl1	5421.42
Prpf19	20608.2
Nampt	6527.35
Lactb2	1661.62
Dnajb11	3864.27
Itfg1	796.058
Mlf2	18725.1
Gak	5943.38
Dhrs1	7898.83
Hibadh	11505.1
Gmpr2	2611.33
Cds2	17543.0
Eif2s2	3192.68
St13	25272.3
Nmd3	865.298
Dnttip1	1042.79
Dhrs4	6002.95
Mat2b	13810.6
Sardh	753.166
Cstf1	1062.19
Ndufa10	60175.5
Etfa	3989.78
Eif2b1	4116.46
Gps1	20449.3
Ddah2	4628.42
Abcf2	2295.44
Rtcb	26953.1
Tnpo2	6778.68
Ttc5	1361.08
Ptdss1	1811.1
Clcc1	1640.38
Cstf3	8889.0
Hgs	9493.07
Cttnbp2nl	164.118
Cdk5rap3	1700.39
Dohh	3881.95
Grpel1	8586.14
Abhd12	11104.1
Psph	8283.11
Dpy30	1392.26
Park7	67924.1
Mmtag2	731.598
Ndufs5	40244.9
Rnps1	9379.02
Hspa14	891.667
Nck1	5492.11
Epdr1	13109.4
Ptprt	2586.9
Dnaja3	8057.42
Rnf141	2896.05
Nasp	941.062
Wdr6	1045.1
Gtpbp4	2766.17
Erc1	3090.27
Ddx50	2801.7
Grk2	7551.83
Dipk1b	3575.88
Kars1	6785.1
Pccb	12331.4
Brap	737.862
Actl6b	4346.99
Gigyf1	7280.55
Slc12a9	5463.93
Srrt	9609.74
Mccc1	5023.2
Tpgs1	3074.62
Adar	14534.6
Tmem121b	5530.33
Ms4a6c	34841.0
Cadm3	43192.4
Mrps18b	836.721
Mrps5	3896.95
Mrpl43	2727.75
Mrpl34	1068.09
Mrpl1	1398.23
Acss1	2804.8
Ubqln4	870.46
Sf3b1	12207.0
Rims1	14282.5
Nsmf	1835.32
Ankrd17	2931.24
Hspbp1	1653.25
Cntnap4	1950.15
Rab27b	3468.84
Rtn4	38537.8
Nup155	6182.37
Ogfr	3797.14
Lrrc4	2713.1
Rtn4r	1318.26
Ntm	70590.6
Rrbp1	5173.14
Ubxn6	5720.53
Gtf2a1	1922.84
Trim33	2366.2
Arhgdia	20124.7
Acsbg1	13442.8
Dhx30	4704.47
Prpf8	20689.2
Bcl11b	5268.89
Tp53rkb	1618.45
Prss3b	18086.7
Npm3	616.9365
Ndufa5	25616.6
Cox6c	196430.0
Tomm22	3284.09
Atp5mg	36662.4
Rwdd4	2179.74
Rpl17	13685.0
Mrpl15	1771.72
Sike1	1465.98
Hint3	5457.06
Mydgf	2212.32
Glo1	36275.2
Ndufb2	71625.7
Mgst3	14446.8
Glod4	17001.9
Cntnap2	16327.3
Fdx2	5195.45
Arpc5	32974.3
Zmat2	9563.42
Atg3	3864.97
Mrps16	3741.96
Lap3	14735.7
Ormdl2;Ormdl3	2474.71
Mrpl24	3282.16
Chmp3	6869.32
Myl9	2003.45
Lamtor1	3915.25
Mzt2	1765.12
Mrpl49	946.942
Nenf	3052.86
Nudcd2	5552.03
Ncbp2	3881.05
Ndufc2	47499.9
Use1	1126.9
Pgls	14891.7
Decr1	8350.67
Mtap	7030.72
Uqcrq	54440.0
Ndufa2	21322.3
Txndc9	1948.39
Vps25	16724.1
Timm22	5574.11
Mien1	10415.6
Cuta	13153.7
Ndufa3	19003.7
Fis1	9773.27
Trappc5	4331.44
Sdhb	29674.3
Med4	1603.59
Cisd2	3507.7
Bzw1	3527.69
Ndufb4	60087.9
Spg21	1945.91
Sar1b	10686.4
Rab5a	37538.6
Nipsnap3b	5934.42
Rgs10	2145.26
Ergic3	2409.33
RTRAF	9809.2
Mrpl11	2067.72
Nudt21	20615.3
Mtres1	1052.58
Aasdhppt	1200.95
Pcyox1	8466.9
Ndufb5	72750.5
Btf3l4	31260.0
Gmfb	14505.1
Cotl1	33894.3
Snrpb2	6036.49
Pih1d1	1367.56
Rnf2	4371.05
Denr	7476.13
Ndufb9	26463.0
Rwdd1	7466.31
Txndc17	6818.22
Glrx3	12134.5
Trap1	6013.91
Tomm6	963.758
Mrpl41	1631.75
Trappc2	1637.9
Atp5pb	156394.0
Lsm7	2712.46
Rps21	1548.95
Acot13	14495.4
Ppp6c	3480.31
Slc25a46	7745.28
Sec61b	10845.6
Mri1	5207.92
Rbm7	1823.22
Zwint	1832.81
Pam16	3991.86
Retreg3	3593.32
Map1lc3b	5969.83
Dnajc19	4948.32
Ywhab	100398.0
Emc6	3282.63
Ykt6	13461.4
Arl8b	22954.4
Cyb5b	74163.6
Cldnd1	1531.97
Naa12	473.902
Kgd4	4082.71
Ramac	9795.39
Magt1	4578.41
Hsbp1	13436.4
Ndufa6	35752.5
Ndufb3	57529.5
Psmd9	8800.52
Ufc1	835.904
Ppid	26770.7
Ndufab1	1979.68
Vta1	21848.1
Ccdc43	2763.46
Atp6v1g1	17118.6
Nkiras2	557.965
Rpl14	15204.4
Golt1b	2269.32
Ndufb7	13530.1
Slc25a11	22808.0
Tmem167a	2892.85
Tmem33	10096.7
Uqcrfs1	92211.1
Lage3	2755.6
Carhsp1	27685.3
Ergic2	1342.83
Necap1	18235.9
Golph3	767.567
Dmac2l	3682.47
Fgfr1op2	2375.98
Snx24	1542.31
Nhp2	1176.9
Tppp3	9176.09
Mtfp1	5920.85
Chchd3	44700.2
Lrrc40	3365.38
Ociad1	10155.1
Emc2	3658.19
Dbndd2	2865.21
Xpot	2296.86
Gdpd1	8104.16
Prps2	1923.87
Nrxn1	6947.2
Dis3	1052.99
Snw1	15904.4
Rprd1b	6054.88
Ranbp3	8060.39
Micu3	6324.53
Smc1a	8158.3
Arpc2	39456.1
Smc3	5721.57
Raver1	4216.85
Golga1	1587.91
	1034.61
Nubpl	3116.13
Mtfr1l	2869.19
Tubb2b	29872.7
Bbs2	611.849
Ndufaf7	3189.53
Bccip	464.553
Atic	13821.8
Cd2bp2	4604.67
Snx2	8142.96
Ctnnbl1	2817.21
Pfdn1	9911.03
Cnot11	1035.68
Mospd2	818.8264999999999
Smyd3	1049.23
Ddah1	32417.0
Ints11	3860.85
Uqcc1	6572.23
Nup37	3616.34
Pin4	3144.68
Ndufaf1	4609.36
Ddx47	2571.93
Rbm8a	8851.51
Napg	20065.4
Ist1	8797.79
Yif1b	2421.22
Sugt1	8201.45
Psmd8	7404.54
Cygb	3121.48
Rgs19	3922.5
Hnrnpa0	16849.2
Mcur1	1656.61
Bcl7a	6770.49
Tmed5	4860.13
Tbc1d15	1577.72
Ppil4	2858.66
Coq5	4347.58
Ears2	1603.08
Abcb8	7254.21
	2273.88
Dhrs7	4888.13
Cenpv	21168.9
Pmpcb	4239.16
Dcun1d5	826.862
Mrps22	4950.09
Cacybp	7591.26
Rpl11	9874.41
Cuedc2	3213.16
Ilf2	19723.9
Pigk	3113.7
Ndufs4	44930.1
Mrps28	6337.52
Snx7	1636.14
Tecr	32952.4
Ssr1	13549.8
Thg1l	826.037
Chtop	3240.59
Serbp1	10306.6
Blvra	10519.8
Gar1	6373.97
Mrpl44	1746.22
Ssu72	1707.17
Tomm34	76931.2
Prxl2a	6593.73
Rrs1	1993.67
	1448.54
Luc7l	4022.25
Wars2	1987.17
Glipr2	1016.04
Spcs2	2010.01
Atp6ap2	21960.4
Sesn3	810.691
Ssbp1	11894.5
Pgm3	6100.81
	1918.33
Cap2	32404.9
Hdhd3	3048.82
Tpd52l2	5402.04
Ssbp2	2822.58
Cops7a	7545.26
Uqcrc1	43969.3
Snf8	2645.97
Ola1	12084.0
Naxd	9136.75
Nsfl1c	29334.5
Cmtm6	1548.86
Scrn1	56731.0
Gars1	19437.3
Commd8	2203.76
Pdzd11	4983.98
Hspa12b	2976.08
Pcbd2	3153.11
Rpl15	35723.9
Shmt2	4663.33
Qrsl1	1696.16
Bcs1l	5593.57
Bbs5	1501.28
Tomm40l	7375.84
Tsfm	648.105
Aldh1b1	10747.1
Rab3b	1243.96
Mtrex	4585.52
Cs	85832.8
Supt7l	767.788
Fbxl20	1605.43
Acsl3	5414.13
Tomm70	54515.5
Elp3	7223.72
Pip4p2	2232.11
Rps19	14781.9
Emc4	4162.91
Lipt2	3617.37
Nt5c3a	2516.85
Mpc2	3132.43
Ccdc47	1673.62
Pdhb	64919.8
Acbd6	6054.27
Mms19	2703.21
Mgrn1	2738.51
Arpin	5773.53
Srsf9	3979.045
Tstd3	1800.43
Pbdc1	3161.98
Trmt5	1173.08
Mtpap	1505.95
Gtf2e1	250.706
Hnrnpm	40532.2
Lysmd1	618.781
Lman1	8749.22
Nkap	1352.5
Pgm1	32872.7
Mrps30	4971.52
Stx17	620.716
Wdsub1	1530.6
Mrto4	1325.47
Rars1	9904.11
Arl2	4208.77
Ptms	33561.3
Oxct1	33278.2
Adck1	1055.9524999999999
Armc10	4404.55
Rnmt	15703.4
Exosc7	1431.21
Prpsap1	2451.52
Cyc1	76274.1
Dynll2	5251.98
Mrpl45	5586.18
Tars1	9367.28
Ddx56	958.696
Lsm12	2502.91
Hint2	19402.6
Snu13	21272.2
Ppil1	3639.69
Serpinb1a	9325.18
Ccdc167	924.734
Fxyd6	9800.42
Ints12	1217.497
Gatd3	10820.5
Tomm7	329.46900000000005
Syf2	3476.6
Cndp2	22401.5
Mrpl28	2338.87
Vps28	1799.34
Tmed10	15963.0
Lmbr1;Lmbr1l	931.195
Tbcb	18598.7
Agpat5	3441.85
Rtl8b	896.082
Akt1s1	1815.93
Hhatl	354.3555
Lrrc57	4947.98
Ndufaf4	11259.0
Get4	4569.58
Mrpl53	3264.52
Mcee	5957.92
Sarnp	22319.4
Atp6v1f	67587.0
Adissp	8948.49
Chchd2	411.931
Sec13	1969.29
Eef1e1	4913.58
Mrpl21	2159.19
Chordc1	2650.69
Dpm3	6258.51
Erp44	8671.11
Kti12	2402.2
Rpl34	16962.0
Lingo1	14440.7
Nol3	5348.04
Mmab	3993.29
Bcas2	11657.0
Trappc6b	8072.2
Znf687	606.024
Toe1	1632.73
Dlst	120946.0
Ube2v2	57663.7
Dtna	5762.36
Vps33a	5965.54
Mobp	23823.8
Aacs	5549.76
Coa3	4979.59
Naa38	1064.2855
H2bu2	203238.0
Coro7	5782.38
Tmem35a	1705.28
Mrpl19	1505.91
Acp1	16266.7
Ephx1	8708.05
Lamp5	4793.85
Rufy3	20653.7
Ttyh1	35223.0
Hacd2	1201.03
Ttpal	1262.24
Atp5f1d	6252.28
Stag1	2213.76
Plgrkt	4815.53
Oxsm	1696.41
Dlgap1	6796.48
GOLGA7B	5054.02
Cmip	1519.71
Clvs1	5480.83
Plpp6	1069.61
Tubgcp4	2085.32
Exoc2	7145.38
Cul2	9452.17
Phf14	3320.88
Etnk1	762.081
Ccdc83	2794.11
Rabl3	19538.5
Agpat3	7733.57
Sf3a3	3585.02
Atad1	5976.99
Cul5	10582.8
Syap1	1564.91
Krt34	2390.1099999999997
Sec23b	2930.11
Sun1	4698.66
Slc25a27	10705.8
Gabra4	1195.07
Tubb4a	83976.7
Cmtm5	1742.86
Ift25	1120.4
Ndufb8	36067.7
Ndufv2	31117.2
Synj2bp	2220.44
Ttc33	1898.96
Fundc2	4153.35
Slc25a22	64412.8
Drap1	1338.6
Idh3a	160549.0
Nosip	2835.39
Fam162a	9482.5
Borcs6	603.385
Msra	4386.81
Gbe1	3982.0
Nop56	16125.1
Rpap3	1793.22
Tmx2	8113.15
Exosc8	2304.04
Fam219a	2076.79
Ppil2	1735.36
Armc1	7342.97
Acad8	30614.8
	1241.76
Prps1	22816.4
RtcA	2138.16
Cox20	1208.89
Gid8	2038.26
Mrps9	2257.55
Apmap	5922.15
Iscu	587.068
Lysmd2	3205.05
Med8	1252.97
Kctd4	709.712
Dusp3	17031.2
Ggct	2987.52
Ppa1	31318.9
Fip1l1	7852.08
Dnajb4	4895.31
Tmem68	1332.47
Uqcrb	72989.0
Ppih	2733.84
Timm50	5490.94
Fam241b	7208.36
U2af1	35024.5
Itpa	10642.2
Arpc5l	35279.1
Chmp4b	22305.0
Ndufa11	10797.5
Fam210b	1156.075
Jam3	13985.5
Rpl4	11575.8
Ccdc91	1400.23
Eef1g	64763.6
Dennd10	1916.09
Mrpl17	2715.51
Rexo2	2767.88
Bola1	4232.41
Snx5	4461.96
Hm13	1181.67
Psmd12	6205.36
Ociad2	3424.42
Cutc	3593.14
Ccdc124	760.258
Efhd2	36454.3
Tmem126a	7105.28
Ebna1bp2	1383.18
Atg7	9594.31
Borcs5	2492.47
Isca1	5954.71
Tmem160	7126.47
Gatm	2772.62
Mdp1	9147.43
Srxn1	1370.89
Slc22a17	1677.38
	2864.25
Usp12	1935.16
Rwdd2a	1391.42
Echdc1	5711.74
Dda1	4038.32
Lyrm7	1322.88
Samd8	10582.2
Ift22	3065.68
Phpt1	7260.84
Dcps	3775.89
Gng12	5651.71
Trmu	1919.26
Cnpy3	2251.32
Prpf4	3894.87
Cnn3	4329.3
Zfyve19	3052.98
Napa	28744.9
Mrpl12	13485.7
Cab39l	2193.39
Atp5po	71252.6
Alg5	2444.65
Mcts1	9427.35
Iah1	5441.52
Haghl	2082.87
Chmp2a	11332.2
Slc25a18	3216.72
Zfpl1	4038.45
Ap1s2	2175.25
Prxl2b	9628.51
Btbd17	8514.75
Cyb5r1	6352.53
Uqcrc2	69275.7
Dhdh	7613.88
Selenoo	3668.66
Cmtr1	5780.88
Prkar1a	6849.82
Pelp1	4498.16
Alg2	8931.1
Aldh7a1	14410.0
Ap2b1	90195.2
Plin3	5321.54
Rpn2	12900.2
Srpra	4011.79
Wwp2	1789.21
Lman2	7248.96
Pgam1	40617.4
Acadsb	10984.6
Gdap2	1102.26
Coasy	6592.07
P33monox	3001.7
Ddx59	6588.29
Cmpk1	19198.2
Scyl3	833.668
Akap8	1117.75
Xrn2	4212.0
Armc8	2014.48
Ppp1r12a	5598.54
Tmem43	2672.18
Tprg1l	5866.03
Klc4	1167.14
Osbpl3	1223.19
Ampd2	7258.62
Tm9sf1	483.302
Susd2	2382.95
Cyp2s1	1104.85
Cbx6	208.05
Nvl	933.951
Eif3k	13608.6
Ergic1	13981.8
Dcaf6	1803.77
Dnajc10	1978.7
Csnk1d	9001.44
Hmg20a	6688.26
Cdc40	2760.11
Gnai3	495.79949999999997
Cpne8	1273.29
Pmpca	6819.37
Fbxo3	3577.75
Ndufa9	32478.4
Ndufs7	34527.8
Mrps15	1753.69
Mrps11	2128.0
Brix1	1178.53
Arpp21	11333.9
Isca2	6423.99
Pycr3	3076.07
Tomm20	8105.15
Pgd	9309.49
Xab2	2602.54
Pak1ip1	2671.43
Ssr3	1533.58
Trmt112	3428.12
Eif3f	7419.46
Zfand6	5966.73
Mlst8	1912.08
Ndufa8	14037.1
Npl	1485.33
Ppp1r2	10036.8
Paics	11555.4
Ethe1	4533.5
Gstk1	2524.69
Cyb5r3	8793.33
Slc38a3	10331.8
Mettl26	1481.7
Mecr	3011.38
Ndufb10	53971.8
Akr1e2	8359.01
Ndufs3	84076.3
Bap18	2609.1
Crip2	28554.8
Pllp	4428.69
Mrpl4	2091.33
Rmdn1	1261.63
Krt7	1733.09
Etfb	29406.5
Atp5pd	112783.0
Gmpr	9227.46
Apoo	32261.8
Hikeshi	2359.08
Dtd1	20169.1
Tsc1	3346.4
Sacm1l	14541.1
Emc7	3171.39
Lactb	6581.57
Senp3	2715.08
Nmnat1	1068.53
Gpr88	2713.56
Parva	598.794
Atp13a1	2800.11
Arfgap1	11255.7
Rp2	3252.66
Xpo7	11886.3
Clstn1	9791.12
Ipo7	9509.25
Acox3	8982.11
Nbea	18140.0
Tcf20	3175.32
Slc23a2	3512.2
Sorcs2	6417.31
Glce	1769.75
Upf1	17208.2
Cpsf1	4139.56
Inpp4a	8819.79
Hsd17b11	1729.17
Aldh6a1	16665.0
Pold3	905.495
Pes1	915.689
Nif3l1	2556.75
Scyl1	3839.88
Prcc	1420.16
Dpys	1212.09
Dpysl5	31111.5
Enpp5	962.811
Cert1	1820.11
Vps35	25581.9
Mrpl46	746.4475
Magi3	2318.63
Mvp	1695.6
Dgcr8	2637.87
Tsc22d4	2289.635
Ehd4	3389.9
Yipf5	247.858
Oga	17682.9
Mycbp	2932.71
Syt13	959.48
Set	16600.8
Rapgef4	6169.09
Rims2	2491.32
Stx12	5022.21
Fn3k	3659.32
Tor1a	1406.03
Spock2	1273.9
Maged2	1389.76
Wtap	2306.1
Cars1	25387.3
Elp4	1294.75
Dap3	3638.34
Tfip11	3854.02
Snap29	6715.63
Tubb3	217683.0
Mesd	5937.29
Skic8	3944.39
Strn3	6958.53
Rdh14	5342.18
Cse1l	9671.94
Gucy1a1	8936.87
Ndel1	15087.4
Selenof	1046.626
Ndufa13	74249.5
Ppp1r1a	3114.33
Ranbp2	11062.2
Mkrn2	1390.04
Erg28	2957.0
Ube4b	3825.82
Slc15a2	2168.36
Arhgef7	17783.3
Ube3b	1376.79
Trappc4	11970.7
Usp29	830.081
Nek7	2691.09
Extl2	3488.21
Rtn3	25847.3
Aff4	1497.64
Lrba	2569.83
Nckipsd	12799.0
Rb1cc1	2349.14
Hapln2	32657.2
Trim2	7367.69
Mapk8ip3	5543.35
Sdf2l1	1943.87
Eif4enif1	958.15
Psmg2	2932.89
Anp32b	7744.09
Brd4	4391.57
Ddx24	612.12
Agk	14239.6
Zcchc17	3544.17
Dkc1	5094.12
Gtf2i	7830.67
Pygl	1499.49
Dpp7	1215.5
Tm9sf3	3194.93
Jph3	7111.7
Rcan2	1925.88
Rcan1	4122.75
Ivd	13042.3
Exosc9	1635.91
Rabggta	13011.9
Nherf2	3383.09
Lztfl1	3596.53
Ide	3865.57
Nrip2	1038.62
Clpx	3076.66
Cwc15	2742.13
Palmd	5014.97
Dync1h1	42791.3
Isyna1	7239.11
Nit2	5689.19
Eefsec	1508.02
Ankh	1394.24
Lrp1b	2308.71
Fibp	2094.29
Abcb10	4240.99
Dmap1	1996.45
Nudt3	19937.2
Jam2	1185.54
Ngly1	1787.49
Rnf14	8076.5
Actn2	32057.4
Lgi1	47825.1
Sphk2	3317.12
Prmt1	11147.4
Copb1	5957.72
Ppp1r3f	4383.02
Ccdc22	3282.25
Praf2	25158.7
Nup50	825.1289999999999
Dazap1	19474.7
Akr1a1	18849.0
Ddx21	3635.71
Mrps34	3167.45
Slc29a1	1118.54
Sv2a	44180.6
Ralb	8840.9
Eny2	1860.09
Acin1	13163.8
Htra2	4442.06
Flii	2378.96
Abcb9	4701.9
Galnt16	2039.69
Kcnip2	1642.1
Rpf2	1744.95
Wdr12	3445.53
Tamalin	2796.3
Rilpl1	3440.35
Riox1	3476.92
Tacc2	999.525
Rpl38	12225.9
Porcn	2631.31
Lancl2	22743.1
Sars2	1257.28
Phax	958.354
Sh3bgrl	6859.01
Pfn2	110112.0
Smpd3	7994.77
Ddx20	2059.6
Tuba8	8587.74
Ube2j1	2231.52
Psmg1	958.897
Pdk2	9226.79
Kcnq5	3693.97
Sh3glb1	7435.44
Myg1	7026.16
Pard6a;Pard6b;Pard6g	980.461
Cend1	37006.4
Ap4m1	285.7875
Ap3m1	1941.45
Scamp5	33714.2
Iqgap1	1441.07
Nectin1	5309.67
Mrpl39	2981.23
Stx6	7350.79
Tmod2	34100.2
Ndufaf3	7773.95
Tesc	3099.32
Nova1	14775.6
Hyou1	7572.91
Habp4	6610.68
Adrm1	8663.64
Scamp4	8082.39
Arl6ip1	4341.08
Aatf	2293.62
Nudt5	1872.62
Cnot9	1111.83
Hip1r	5615.87
Cyp2d22	2648.85
Fmn2	4228.61
Fmnl1	5366.09
Gde1	3567.99
Gltp	10738.0
Pals2	18479.1
Sorcs1	2180.94
Sacs	4399.44
Tgm1	2771.44
Scly	4582.02
Sart3	7185.83
Aldh9a1	5883.44
Cabp1	3224.26
Dclk1	29174.9
Mtor	9787.95
Cd2ap	1230.2
Sec61a2	2492.13
Txnrd2	1756.06
Bag3	6506.5
Trpc4ap	389.09
Cul3	14603.5
Pnkp	1551.85
Dusp14	673.219
Auh	57903.6
Rabgef1	2767.0
Nt5c	11000.1
Mink1	14119.4
Reep6	965.534
Kcnj10	888.855
Arpc3	138388.0
Arl6ip4	1703.69
Cdc42ep4	5052.04
Usp14	22963.2
Qtrt1	1293.53
Cntn6	894.652
Dnaja4	4187.93
Epb41l4b	462.314
Znf207	8171.95
Stard10	8318.21
Ap3b2	16708.0
Trappc2l	6187.46
Gng13	2870.69
Dolpp1	1932.24
Tmub1	3255.88
Hdgfl3	35207.8
Txnrd1	25642.2
Myo18a	12649.2
Csnk1e	7407.41
Rasgrp2	4968.47
Glrx	2746.68
Rhoa	13012.5
Fam89b	1562.47
Acsl4	2599.67
Psma6	9931.4
Hapln1	11118.2
Prep	5444.37
Pin1	32242.5
Sema7a	4129.9
Ptk2b	12387.7
Phc2	1231.75
Srcin1	26904.5
Naip1	14702.0
Krt17	3025.17
Naga	1995.72
Homer2	2666.72
Asap1	4795.97
Son	11974.7
Dguok	1378.8
Dpf1	2353.17
Drg2	7160.18
Chm	2081.8
Acss2	2109.49
Apbb1	3118.31
Copg2	4398.17
Cpsf3	4568.44
Kif21a	11847.7
Nme7	2505.68
Jmy	1221.35
Plec	29572.8
Dbn1	6883.2
Cnpy2	3326.48
Pcsk1n	39416.4
Slc7a8	5837.83
Slc25a13	2359.61
Ehd3	20574.4
Macf1	12679.8
Naa10	1739.33
Gpr37	5373.33
Vapb	22973.2
Nup210	5058.43
Tomm40	7249.01
Clic4	10924.8
Add3	13351.3
Add2	39510.3
Add1	41316.8
Bcl11a	2398.72
Golga5	1941.02
Rdh11	3205.02
Ndrg3	6199.98
Ndrg2	59148.0
Maged1	3457.23
Dnajc7	8264.95
Dnajb12	3400.62
Dnajb2	6188.4
Dnaja2	25177.9
Dnajb1	3943.95
Rnf11	2199.97
Pnck	2757.39
Map1a	85916.9
Acot2	21285.5
Grm3	10085.4
Qki	7448.94
Pclo	17683.3
Gab1	903.1030000000001
Spast	1427.03
Tollip	12485.5
Nagk	10167.4
Nfu1	6593.42
Dcun1d1	1420.24
Vps29	12997.0
Rgs17	7648.76
Rgs20	2613.58
Actr10	5547.32
Dctn5	5047.4
Plxnc1	2603.58
Ercc4	2231.31
Slc25a10	648.794
Eif3i	6105.47
Copg1	3303.76
Tsnax	6394.28
Gpc1	4971.94
Ppie	2503.46
Ecsit	4461.5
Ubqln2	26679.9
Fbxo6	7402.81
Afdn	9267.66
Macroh2a1	42813.8
Numb	4735.26
Srr	23370.9
Mvk	1510.47
Zranb2	5392.97
Amfr	4797.62
Nubp2	1142.58
Gyg1	3492.34
Bcam	4683.35
Gpc6	919.526
Tk2	2567.32
Tbl2	1189.46
Pex14	1720.32
Clcn2	961.527
Wdr54	3521.59
Acox1	3143.88
Ylpm1	10926.6
Atp2b2	55237.1
Pcm1	1502.93
Akap8l	2051.45
Celsr2	1624.82
Podxl	1275.65
Rab9a	1895.91
Galk1	3391.08
Syt11	908.446
Syt5	3192.42
Syt7	8995.04
Syt6	2606.49
Esd	10196.7
Dstn	24499.5
Sec11a	4104.69
Uchl1	88045.4
Tmed2	3688.5
Arpc1a	33448.7
Ptges3	12044.4
Mpdu1	3462.26
Srsf10	7080.77
Acot9	6755.86
Rpgr	1236.41
Ak1	28235.1
Gabrg1	1760.37
Gda	81364.4
Sqor	1639.59
Htra1	1127.16
Mta2	8024.69
Cry2	803.354
Slit2	3085.87
Dgke	4479.64
Prpf40a	6426.59
Nsdhl	1951.98
Mast1	2966.97
Psma4	14365.0
Psmb3	8139.81
Psmb2	27389.4
Psma1	26758.4
Plp2	1781.53
Tagln3	72518.9
Atp6ap1	7675.17
Trim3	8031.58
Capn7	778.272
Sae1	7580.68
Septin6	13530.8
Adam11	2556.61
Adam22	17689.3
Adam23	16501.2
Pts	991.636
Khdrbs3	15329.7
Hebp1	9241.97
Myo1c	1114.37
Gpaa1	2205.62
Stk11	2084.51
Lypla2	3563.18
Ruvbl2	13395.6
Ggps1	7552.29
Ak2	11159.7
Ak3	11996.3
Akap12	4717.73
Trpv2	2744.76
Cdh13	6356.26
Fut8	2409.22
Tenm1	1893.51
Tenm2	2927.18
Tenm3	2054.33
Atp6v1g2	15200.5
Phf2	2161.32
Scn8a	1963.24
Mapk9	7389.65
Rlim	188.526
Prkra	1871.97
Skp1	21543.3
Cul1	17417.9
Mad1l1	4950.29
Nrf1	1222.05
Khdrbs2	19790.1
Pfdn5	1993.08
Lemd3	5982.15
Ncor2	2033.49
Atrn	1618.63
Pdcd6ip	16374.4
Prodh	4023.39
Ccs	3598.6
Farsb	5794.03
Pfkp	27025.3
Akt3	1931.86
Rbck1	2621.31
Pygm	13028.4
Dctn6	5496.89
Ly6h	11417.0
Stub1	6153.12
Eif4h	24865.9
Rfc2	3132.94
Arl3	9430.5
Coro1b	18443.4
Coro1c	2628.05
Suclg1	42106.0
Tbk1	3350.41
Uchl5	9018.1
Preb	6614.2
Eci2	4640.9
Ak4	15841.6
Rps6ka2	31723.7
Ctsz	2741.56
Tnip1	548.8035
Mcm3ap	636.59
Rbmx	51883.8
Gabbr1	6736.28
Cyp2g1	678.42
Arc	1927.83
Mpp2	22391.8
Asah1	5363.81
Vapa	22603.0
Gsk3b	13745.8
Decr2	1284.25
Dmtn	39670.9
Snx1	8144.82
Nme3	2637.23
Ptgfrn	1787.34
Epb41l3	38282.2
Timm10b	4332.12
Timm9	64586.2
Timm8a1	4267.73
Bub3	11787.4
Tagln2	3023.04
Pacsin2	4046.21
Tusc2	9258.47
Carm1	8720.5
Msl3	469.115
Mapk8ip1	3569.02
Psmd13	10470.4
Crybb1	54806.1
Ehd1	5078.87
Cyp46a1	20259.4
Gstz1	11911.6
Ap4s1	793.422
Morc1	4725.26
Anapc7	1207.71
Magi2	5629.11
Apip	2803.49
Fxr2	1759.76
Ca14	10842.2
Ncdn	107304.0
Sncg	4381.64
Gipc1	3550.32
Smarcb1	6369.47
Celf2	11015.8
Clip2	13738.2
Nos1	3772.54
Tpbg	3497.18
Eif2s3x	9125.75
Palm	36434.7
Twf2	5473.09
Itsn1	8044.99
Itsn2	2441.23
Bpnt1	19197.6
Tjp2	7530.29
Kcnd3	937.206
Kcnd2	4018.77
Timm17b	2759.56
Nup160	3816.94
Aifm1	11083.8
Dctn3	20432.7
Adnp	6928.66
Stau1	3704.94
Aldh18a1	3026.91
Mettl1	412.958
Slc7a5	19528.7
Hnrnpdl	27141.8
Cpne6	15966.8
Cog1	835.821
Tfg	3204.76
Plcb1	29674.9
Mad2l1	2967.06
Eif3g	4147.37
Gys1	2090.27
Uba2	10370.8
Atp6v1c1	38670.1
Atp6v0a1	154791.0
Nfs1	12000.6
Arih1	4673.78
Arih2	1883.03
Cacna2d3	5449.34
Ik	7484.38
Ddx39b	79488.1
Ndufa7	28268.7
Abhd16a	6682.81
Clic1	903.617
Vars1	6551.15
Bag6	13621.6
Rasgrp1	1805.94
Septin3	56645.9
Ap3b1	2256.06
Pikfyve	856.899
Atp12a	4041.65
Stk39	1997.52
Ptdss2	3556.53
Ilf3	20304.2
Uso1	12119.1
Strap	9543.18
Hnrnpc	29167.6
Pex11b	1515.37
Dpp6	17532.4
Mocs2	8505.81
Fxyd1	8277.08
Snapin	1272.04
Rasal1	11702.6
Baz1b	3617.14
Pdpk1	4851.76
Ate1	1462.21
Dgat1	575.469
Slc25a14	6250.51
Rps6ka4	1685.56
Mtmr1	6263.5
Mtm1	1056.12
Mtmr7	4094.95
Mtmr9	8997.38
Mtmr2	5652.83
Gsdme	2819.67
Mecp2	24756.7
Mbd3	1794.8
Mbd2	1246.85
Mbd1	1214.28
Sel1l	2884.83
Rgs6	9977.74
Epb41l1	22009.8
Letm1	13989.1
Fkbp1b	4617.05
Suclg2	3326.32
Sucla2	69968.3
Krt16	13735.1
Minpp1	2086.44
Ubl3	2811.79
Pmm2	2600.38
Mrpl40	1111.79
Septin5	121103.0
Tsc22d3	4057.54
Psma7	30606.7
Psma5	15117.8
Hdac6	2966.56
Dnpep	23016.9
Stk25	4317.65
Gria4	4619.65
Gria3	15693.5
Hnrnpf	7374.77
Psmd10	880.645
Keap1	1308.44
Homer1	13801.9
Plpbp	9335.29
Sart1	3589.63
Kcnq2	6346.77
Osbpl10	3031.82
Rbm6	873.032
Slc8a3	1539.41
Csmd2	581.879
